id,combined_effect,Change in LFP between 1999-2001 and 2014-2016,MME_PerCap_2015
19081,2,-0.006,5.0307089484
19143,2.5,-0.006,10.492883
19177,2.5,-0.006,10.2468
19195,2.5,-0.006,10.463469
19003,4.5,-0.006,45.6127255664
19077,5,-0.006,49.881884601
19185,5,-0.006,54.3906959671
30007,5,-0.014,4.362805414
55011,5,-0.013,27.9459568299
11001,6,0.003,205.9316065383
19011,6,-0.006,116.7536343441
19031,6,-0.006,130.4881134133
19069,6,-0.006,125.0930791646
19161,6,-0.006,119.0945763896
19023,6.5,-0.006,159.4118002011
19049,6.5,-0.006,160.0485068573
19075,6.5,-0.006,141.2725874548
19131,6.5,-0.006,143.466695901
19167,6.5,-0.006,146.2638177291
19173,6.5,-0.006,140.2668916197
27063,6.5,-0.017,4.0008650412
30009,6.5,-0.014,21.1663143736
30097,6.5,-0.014,20.1520363236
55007,6.5,-0.013,96.9412766242
19103,7,-0.006,183.4524128082
19115,7,-0.006,165.6550849352
30003,7,-0.014,32.9609953179
30025,7,-0.014,30.476645768
30057,7,-0.014,30.5442198358
30095,7,-0.014,26.7243091793
30107,7,-0.014,24.3748815166
55065,7,-0.013,137.6016845921
55103,7,-0.013,126.9328236639
19095,7.5,-0.006,196.3474635693
19119,7.5,-0.006,197.0310770541
55053,7.5,-0.013,157.9281161818
19021,8,-0.006,218.1135021715
19171,8,-0.006,212.2850262444
20089,8,-0.017,1.3476430976
27031,8,-0.017,19.267424
19019,8.5,-0.006,236.1398252778
19043,8.5,-0.006,241.2028168216
19147,8.5,-0.006,230.5472462499
20187,8.5,-0.017,9.4985521236
30019,8.5,-0.014,98.0178977273
55015,8.5,-0.013,203.2570033359
55107,8.5,-0.013,201.2569031436
55137,8.5,-0.013,206.0681562851
19037,9,-0.006,261.4389104737
19093,9,-0.006,266.766203045
19105,9,-0.006,265.558609401
19149,9,-0.006,249.4476209677
20041,9,-0.017,13.9606748303
20087,9,-0.017,13.0437268885
55061,9,-0.013,213.4350633409
55121,9,-0.013,216.175465313
19089,9.5,-0.006,267.59641339
19097,9.5,-0.006,266.8874459988
19191,9.5,-0.006,268.5064223285
20033,9.5,-0.017,21.6901790559
20109,9.5,-0.017,20.8549377766
20119,9.5,-0.017,18.5505773672
20149,9.5,-0.017,21.6340525474
20179,9.5,-0.017,20.0410031847
22065,9.5,-0.017,10.8751865935
27157,9.5,-0.017,70.614241
55119,9.5,-0.013,226.4402591054
20139,10,-0.017,29.548747397
20143,10,-0.017,31.9777405858
20153,10,-0.017,33.8320031923
20163,10,-0.017,31.5090265027
30043,10,-0.014,187.6289609274
19017,10.5,-0.006,299.5321575924
19055,10.5,-0.006,299.1279951732
20003,10.5,-0.017,37.5829797964
20063,10.5,-0.017,46.2996212121
20083,10.5,-0.017,35.1302165874
20167,10.5,-0.017,35.1593687846
20207,10.5,-0.017,34.8344301766
22075,10.5,-0.017,20.4231086401
55033,10.5,-0.013,276.145358114
55129,10.5,-0.013,276.8596322016
19165,11,-0.006,326.5839272239
20007,11,-0.017,50.5977801679
20073,11,-0.017,49.7289397822
20081,11,-0.017,55.5811392717
20105,11,-0.017,60.9375201288
20107,11,-0.017,71.3271287752
20127,11,-0.017,52.0127878654
20135,11,-0.017,58.9769550749
20147,11,-0.017,58.172715549
20157,11,-0.017,58.8966798942
22043,11,-0.017,25.7149302914
27039,11,-0.017,139.1660282852
27079,11,-0.017,150.4185283592
55093,11,-0.013,287.3551321871
19169,11.5,-0.006,333.887337145
19183,11.5,-0.006,343.4364858183
20025,11.5,-0.017,73.6700858779
20115,11.5,-0.017,87.2046806577
27055,11.5,-0.017,163.496085
27103,11.5,-0.017,162.5773832729
27153,11.5,-0.017,185.3794574762
36047,11.5,-0.014,271.5144358458
55019,11.5,-0.013,307.4398896792
55041,11.5,-0.013,308.3070001104
17171,12,-0.020,1.4949921445
19005,12,-0.006,354.2766815498
19139,12,-0.006,355.5755039409
20027,12,-0.017,107.5040733198
27101,12,-0.017,207.7233596814
27143,12,-0.017,200.5057983193
36081,12,-0.014,297.6887707073
55083,12,-0.013,324.7776946708
17035,12.5,-0.020,9.5534042944
19109,12.5,-0.006,359.2100560501
19129,12.5,-0.006,363.3041296147
19181,12.5,-0.006,359.8179163411
20019,12.5,-0.017,139.473609274
20189,12.5,-0.017,142.1205541681
27045,12.5,-0.017,209.4798166459
27109,12.5,-0.017,208.0951557093
27125,12.5,-0.017,216.7350647349
27129,12.5,-0.017,220.0970319635
55109,12.5,-0.013,341.3282598014
8093,13,-0.021,0.0442135677
17013,13,-0.020,14.6202493495
17071,13,-0.020,16.422545
17129,13,-0.020,13.1023585664
19035,13,-0.006,364.2122429584
19151,13,-0.006,368.0133062215
20049,13,-0.017,167.24731286
27047,13,-0.017,243.3216770653
27173,13,-0.017,244.0372405063
55115,13,-0.013,348.6122409452
8073,13.5,-0.021,8.032211625
17065,13.5,-0.020,19.6027439024
17169,13.5,-0.020,22.8412947063
20031,13.5,-0.017,205.254711355
20117,13.5,-0.017,201.6791465378
27075,13.5,-0.017,244.927664
27089,13.5,-0.017,252.8091106866
8115,14,-0.021,15.0646102543
17061,14,-0.020,31.7954837248
19001,14,-0.006,390.0705935252
19087,14,-0.006,397.3969172932
20121,14,-0.017,223.2844745492
22049,14,-0.017,185.8595030899
22107,14,-0.017,189.466179
30031,14,-0.014,314.0009331044
42057,14,-0.020,112.1528299952
8021,14.5,-0.021,22.8113045818
17009,14.5,-0.020,42.389808171
19157,14.5,-0.006,408.8172237197
20133,14.5,-0.017,234.6144622538
22007,14.5,-0.017,204.457600035
27019,14.5,-0.017,286.9343433832
27139,14.5,-0.017,284.4229563744
27147,14.5,-0.017,286.2949258604
30015,14.5,-0.014,340.7957343506
30051,14.5,-0.014,337.3048432309
55073,14.5,-0.013,384.866753025
17053,15,-0.020,50.8552890215
19113,15,-0.006,420.1648993252
20069,15,-0.017,264.5330180988
20131,15,-0.017,258.8100371565
27053,15,-0.017,307.6338598159
27107,15,-0.017,298.6680143756
27161,15,-0.017,302.546000316
30005,15,-0.014,348.1984567432
36049,15,-0.014,366.5502466892
36119,15,-0.014,364.1799433836
38023,15,-0.027,4.443877551
38037,15,-0.027,2.1566164154
38039,15,-0.027,1.1452031115
38047,15,-0.027,3.0891472868
38049,15,-0.027,2.8518766756
55027,15,-0.013,392.0593432917
55097,15,-0.013,389.0516986706
19063,15.5,-0.006,424.7126369127
20047,15.5,-0.017,274.059657177
22091,15.5,-0.017,234.7634144033
22123,15.5,-0.017,232.9607500221
27009,15.5,-0.017,318.94872828
27051,15.5,-0.017,327.6254023378
27083,15.5,-0.017,321.3808670588
27093,15.5,-0.017,321.0866158774
38095,15.5,-0.027,7.4768926056
17041,16,-0.020,116.4030166978
17149,16,-0.020,128.495442179
19193,16,-0.006,438.6770057014
22081,16,-0.017,250.53636681
27021,16,-0.017,335.2288371769
27133,16,-0.017,340.551875
27141,16,-0.017,343.6350907802
27149,16,-0.017,333.1245406288
27165,16,-0.017,330.0788212199
30085,16,-0.014,363.9300278843
36005,16,-0.014,389.3739642336
38103,16,-0.027,17.3524472169
55049,16,-0.013,416.7695796414
55091,16,-0.013,412.1548010974
8097,16.5,-0.021,100.301891831
17017,16.5,-0.020,144.1958628474
17023,16.5,-0.020,156.0677921021
19051,16.5,-0.006,453.6695461284
19061,16.5,-0.006,442.2565971686
19065,16.5,-0.006,448.6017179247
27025,16.5,-0.017,352.6946383512
27105,16.5,-0.017,345.0754248966
27123,16.5,-0.017,353.5664231705
27131,16.5,-0.017,345.3028440367
36045,16.5,-0.014,409.4346750542
17033,17,-0.020,171.8502498197
17141,17,-0.020,169.9423140208
19013,17,-0.006,458.8631074145
19047,17,-0.006,459.2499122499
22021,17,-0.017,297.445937156
22125,17,-0.017,291.8914527137
36123,17,-0.014,418.9185164484
55009,17,-0.013,430.8079994434
55043,17,-0.013,431.3672727273
17011,17.5,-0.020,202.633935749
17173,17.5,-0.020,193.9864982778
17189,17.5,-0.020,190.8800805886
17203,17.5,-0.020,190.0266653071
19053,17.5,-0.006,463.115328
22031,17.5,-0.017,301.9284710927
22069,17.5,-0.017,308.9853748181
27043,17.5,-0.017,370.0676156584
27049,17.5,-0.017,371.5199310865
27087,17.5,-0.017,373.8919736119
38079,17.5,-0.027,40.3834348761
38081,17.5,-0.027,42.9404024768
55035,17.5,-0.013,453.6991136575
55077,17.5,-0.013,453.3630845771
8113,18,-0.021,186.8893895164
9001,18,-0.012,476.8997513852
17079,18,-0.020,209.4279431664
18115,18,-0.027,19.577804
19025,18,-0.006,478.8258810348
19137,18,-0.006,481.8731678718
22071,18,-0.017,313.8526296337
22093,18,-0.017,311.8708907127
27005,18,-0.017,382.075151261
36001,18,-0.014,439.8887843791
36087,18,-0.014,434.8211767376
55063,18,-0.013,461.5548336886
55087,18,-0.013,454.7889001064
55123,18,-0.013,456.4602045499
9013,18.5,-0.012,493.8379606393
17015,18.5,-0.020,242.4176416256
17155,18.5,-0.020,231.84306343
19059,18.5,-0.006,486.9743147683
22085,18.5,-0.017,340.899011825
30075,18.5,-0.014,422.7148547659
36017,18.5,-0.014,447.7817951028
38005,18.5,-0.027,84.0799181845
38025,18.5,-0.027,91.5052800796
38061,18.5,-0.027,82.8686296099
55139,18.5,-0.013,466.2036261546
17067,19,-0.020,261.7204066224
17131,19,-0.020,258.2378610165
17139,19,-0.020,245.8448362467
22061,19,-0.017,351.9324737305
25019,19,-0.021,260.3929519451
25025,19,-0.021,266.0758005503
27003,19,-0.017,410.7332885855
27007,19,-0.017,406.1050972149
27033,19,-0.017,401.8253528444
27099,19,-0.017,405.0724767359
27127,19,-0.017,403.775903303
36079,19,-0.014,459.7104662668
36091,19,-0.014,458.8926006303
36093,19,-0.014,457.7197485188
38075,19,-0.027,111.2506928238
55039,19,-0.013,474.719778765
55141,19,-0.013,479.4135221625
6085,19.5,-0.026,194.0385100655
8103,19.5,-0.021,238.6553606757
17089,19.5,-0.020,272.4035211652
17147,19.5,-0.020,276.8441447489
19009,19.5,-0.006,509.1867746406
19083,19.5,-0.006,511.0135889906
19163,19.5,-0.006,511.4215400346
20093,19.5,-0.017,380.288359454
27037,19.5,-0.017,419.0084642356
27069,19.5,-0.017,418.5226604882
36011,19.5,-0.014,474.4383813611
55005,19.5,-0.013,488.909290433
17027,20,-0.020,286.3057216959
17031,20,-0.020,286.2723396668
17085,20,-0.020,288.6634293217
20085,20,-0.017,399.4184660369
25017,20,-0.021,286.1741815702
27163,20,-0.017,425.9848567352
55017,20,-0.013,499.0445924037
55099,20,-0.013,499.3128984976
8025,20.5,-0.021,272.010315534
8095,20.5,-0.021,267.3659461945
17087,20.5,-0.020,299.315996709
22029,20.5,-0.017,386.4383129779
22037,20.5,-0.017,382.7399725833
27145,20.5,-0.017,430.5200506761
27151,20.5,-0.017,437.686108137
30041,20.5,-0.014,465.4645184649
30059,20.5,-0.014,469.7371584699
30067,20.5,-0.014,466.3441021788
36099,20.5,-0.014,494.310337898
42027,20.5,-0.020,359.241673932
48195,20.5,-0.027,4.310651
48283,20.5,-0.027,1.9334294326
48383,20.5,-0.027,1.7464398734
48421,20.5,-0.027,3.2334798177
6091,21,-0.026,249.669068
8037,21,-0.021,292.221154743
17117,21,-0.020,317.2768595939
19091,21,-0.006,542.206959707
19141,21,-0.006,541.6834596682
19197,21,-0.006,539.0002740155
20165,21,-0.017,411.5779952077
22041,21,-0.017,392.6289563939
27073,21,-0.017,448.313119895
27171,21,-0.017,442.7054549885
30083,21,-0.014,483.9738294314
38041,21,-0.027,209.2461399778
48069,21,-0.027,10.9972570533
48169,21,-0.027,9.6610678098
48305,21,-0.027,5.6574947589
48315,21,-0.027,7.231496063
48317,21,-0.027,8.1433609677
48407,21,-0.027,5.6935030825
48507,21,-0.027,7.1051063803
6037,21.5,-0.026,278.6737499769
8051,21.5,-0.021,304.240773013
8063,21.5,-0.021,311.7727507089
19015,21.5,-0.006,547.0667342266
20201,21.5,-0.017,423.9305108967
22127,21.5,-0.017,403.6439799561
27027,21.5,-0.017,455.5169758039
36043,21.5,-0.014,510.9002535658
38045,21.5,-0.027,241.6341969697
48153,21.5,-0.027,17.9186618265
48237,21.5,-0.027,16.1838815048
48247,21.5,-0.027,15.917404
48351,21.5,-0.027,11.0198088714
48369,21.5,-0.027,18.3954556237
48391,21.5,-0.027,14.3819839827
48411,21.5,-0.027,16.4794420437
48437,21.5,-0.027,11.8044334097
48461,21.5,-0.027,12.4664475486
6051,22,-0.026,286.9577072399
8031,22,-0.021,326.0235500956
9003,22,-0.012,554.6249926047
17003,22,-0.020,348.3543879056
17049,22,-0.020,354.6437694568
17093,22,-0.020,352.9673868104
18087,22,-0.027,196.6923136386
18111,22,-0.027,199.6374750143
19045,22,-0.006,553.1385027634
20097,22,-0.017,435.334828393
22013,22,-0.017,416.17866
27067,22,-0.017,469.8027361196
31077,22,-0.027,4.3701111569
36031,22,-0.014,523.549768699
36035,22,-0.014,522.8780560083
36055,22,-0.014,514.8207470651
48059,22,-0.027,22.7590935495
48065,22,-0.027,21.7322834646
48107,22,-0.027,21.9687970554
48211,22,-0.027,21.1948874296
48433,22,-0.027,23.199645
48473,22,-0.027,18.468020388
8019,22.5,-0.021,328.2753950339
17113,22.5,-0.020,357.7572502685
17151,22.5,-0.020,359.800905
18007,22.5,-0.027,216.3959509273
19057,22.5,-0.006,571.0735239046
22001,22.5,-0.017,423.4042539591
27013,22.5,-0.017,483.9656771095
27015,22.5,-0.017,476.7412396792
27059,22.5,-0.017,474.8590387468
27111,22.5,-0.017,481.5605724582
27115,22.5,-0.017,480.4760397674
31035,22.5,-0.027,9.7904264988
31037,22.5,-0.027,7.4993613356
31161,22.5,-0.027,6.9054597701
36051,22.5,-0.014,530.405982972
38017,22.5,-0.027,272.0302252904
38077,22.5,-0.027,278.477990489
38097,22.5,-0.027,270.6306151734
48129,22.5,-0.027,28.3013427944
48161,22.5,-0.027,24.9481235082
48289,22.5,-0.027,25.1516555952
48335,22.5,-0.027,26.9989074391
48403,22.5,-0.027,27.453528887
48405,22.5,-0.027,30.3449781659
48435,22.5,-0.027,30.7304877174
6001,23,-0.026,320.4129177184
8117,23,-0.021,346.8648246687
17073,23,-0.020,370.2617147245
19127,23,-0.006,579.39287292
19189,23,-0.006,572.502545009
22113,23,-0.017,431.9265135699
27035,23,-0.017,484.4243551744
27085,23,-0.017,493.0585550484
31173,23,-0.027,16.7590412214
36083,23,-0.014,541.8850660776
38053,23,-0.027,287.3211250585
48083,23,-0.027,34.6429899256
48119,23,-0.027,36.305195
48191,23,-0.027,43.8311026131
48271,23,-0.027,41.662440124
48319,23,-0.027,41.734499
48387,23,-0.027,39.5807055399
48395,23,-0.027,34.8072813494
48425,23,-0.027,41.1748769882
55001,23,-0.013,560.4875918205
55029,23,-0.013,560.1951077883
55045,23,-0.013,561.2948959286
8049,23.5,-0.021,355.8683886418
17043,23.5,-0.020,377.7757824481
18015,23.5,-0.027,252.7732927075
30035,23.5,-0.014,535.2934344545
30087,23.5,-0.014,527.2595233028
30101,23.5,-0.014,532.9538038136
31049,23.5,-0.027,19.3701197293
31163,23.5,-0.027,20.9695891297
36061,23.5,-0.014,545.0778112493
36069,23.5,-0.014,546.6321409991
38009,23.5,-0.027,309.4361413043
48125,23.5,-0.027,48.7314143246
48193,23.5,-0.027,52.5943130286
8067,24,-0.021,372.517846694
17037,24,-0.020,395.7186445875
19071,24,-0.006,593.3938242108
19079,24,-0.006,592.3387096774
22011,24,-0.017,456.9912785914
22083,24,-0.017,456.3001023242
22095,24,-0.017,461.8588914867
25009,24,-0.021,397.24908027
27169,24,-0.017,506.7105826864
31011,24,-0.027,29.4532455315
31061,24,-0.027,25.7286432161
31065,24,-0.027,25.9991772933
38051,24,-0.027,324.2740802827
48071,24,-0.027,75.5248115174
48131,24,-0.027,89.6698333772
48151,24,-0.027,79.7291285602
48185,24,-0.027,94.0454347194
48225,24,-0.027,91.2982828615
48457,24,-0.027,90.6734904202
48501,24,-0.027,90.5897861573
48505,24,-0.027,72.8943056908
17025,24.5,-0.020,404.1756776884
19099,24.5,-0.006,604.081027507
25021,24.5,-0.021,401.9918192359
31059,24.5,-0.027,42.6799252536
31181,24.5,-0.027,44.824
36067,24.5,-0.014,569.165359911
38055,24.5,-0.027,335.8570915435
42077,24.5,-0.020,448.7678722431
42119,24.5,-0.020,451.3852827335
48287,24.5,-0.027,105.0160521955
48323,24.5,-0.027,132.9075659377
48459,24.5,-0.027,121.7369775632
55059,24.5,-0.013,585.0989984386
55117,24.5,-0.013,586.2954252438
6081,25,-0.026,369.8369150542
17007,25,-0.020,413.7086124848
17187,25,-0.020,415.3843213328
22111,25,-0.017,478.7893847044
31051,25,-0.027,69.0973186562
31169,25,-0.027,53.7994383111
36089,25,-0.014,577.3154125416
39163,25,-0.027,6.3725283568
48031,25,-0.027,159.8487027445
48051,25,-0.027,159.9080612829
48061,25,-0.027,147.5947280152
48207,25,-0.027,161.748823427
48215,25,-0.027,148.3139674037
48427,25,-0.027,141.7767379889
55023,25,-0.013,594.7546214386
8035,25.5,-0.021,404.5130603902
17103,25.5,-0.020,428.5392667129
19155,25.5,-0.006,620.3821460217
20061,25.5,-0.017,504.4489332973
30063,25.5,-0.014,564.3454164879
31071,25.5,-0.027,76.7188886834
31175,25.5,-0.027,85.2611940299
38043,25.5,-0.027,356.5509412495
38063,25.5,-0.027,361.672970013
48047,25.5,-0.027,165.4417704011
48105,25.5,-0.027,164.535495283
48239,25.5,-0.027,178.5939018629
48357,25.5,-0.027,185.3291383642
55025,25.5,-0.013,607.9298453336
55031,25.5,-0.013,601.074195546
8039,26,-0.021,419.28405094
17161,26,-0.020,439.7897257977
17195,26,-0.020,437.4562623732
20103,26,-0.017,518.9153123621
20111,26,-0.017,517.8272893608
22045,26,-0.017,499.6647908992
27097,26,-0.017,545.2025629291
31143,26,-0.027,135.1203263168
36053,26,-0.014,588.863644588
36073,26,-0.014,593.7024674138
36121,26,-0.014,597.8890595665
48175,26,-0.027,200.6363364759
48281,26,-0.027,205.660773266
48479,26,-0.027,191.4446706041
48483,26,-0.027,201.1276294856
55081,26,-0.013,609.0632944741
17097,26.5,-0.020,445.6674290747
18013,26.5,-0.027,346.5034052213
18121,26.5,-0.027,351.1996627418
22035,26.5,-0.017,513.9402969755
22089,26.5,-0.017,509.9316064531
27023,26.5,-0.017,555.8426377075
27081,26.5,-0.017,558.1211661757
27137,26.5,-0.017,559.4879035678
31039,26.5,-0.027,150.6930547945
42053,26.5,-0.020,490.4430499325
48141,26.5,-0.027,219.8786634163
48157,26.5,-0.027,218.3407323412
48253,26.5,-0.027,221.2418127191
55095,26.5,-0.013,625.3396560853
6059,27,-0.026,418.6292343686
8014,27,-0.021,432.6592484439
20199,27,-0.017,538.489130435
27167,27,-0.017,564.2034474672
36117,27,-0.014,615.1852678083
38019,27,-0.027,399.420944357
48117,27,-0.027,241.7461481638
48297,27,-0.027,226.949628
48313,27,-0.027,230.6502843939
48465,27,-0.027,239.2218094227
55013,27,-0.013,637.9378586978
55069,27,-0.013,629.7107934239
6011,27.5,-0.026,430.3612326599
6073,27.5,-0.026,423.7354149284
12043,27.5,-0.027,120.820227
17005,27.5,-0.020,466.6365486726
19133,27.5,-0.006,657.7241340907
36033,27.5,-0.014,623.5248716936
36075,27.5,-0.014,621.0431974431
48035,27.5,-0.027,257.9979039741
48073,27.5,-0.027,248.3974040588
48163,27.5,-0.027,245.8284467621
48371,27.5,-0.027,253.2304974387
55089,27.5,-0.013,643.5352077405
6075,28,-0.026,432.0686758802
17019,28,-0.020,480.0728905827
25011,28,-0.021,481.2310873784
31025,28,-0.027,211.3561461273
36077,28,-0.014,635.8625239132
36103,28,-0.014,630.1993397652
38011,28,-0.027,420.6687917426
38101,28,-0.027,413.6625464749
51175,28,-0.028,12.4817640745
56027,28,-0.028,5.7000393391
6113,28.5,-0.026,447.1418484996
19041,28.5,-0.006,678.3863815351
20161,28.5,-0.017,565.562640371
30047,28.5,-0.014,625.3099093594
31027,28.5,-0.027,233.7841546007
36065,28.5,-0.014,647.7847397849
36107,28.5,-0.014,648.2921157463
48015,28.5,-0.027,292.4297601732
50009,28.5,-0.027,80.8298971686
51029,28.5,-0.028,19.0257456552
55051,28.5,-0.013,659.3496720746
55127,28.5,-0.013,664.1996809463
56011,28.5,-0.028,11.1914965073
6039,29,-0.026,456.44712835
8007,29,-0.021,481.5270806347
17051,29,-0.020,501.2737830604
18057,29,-0.027,399.7345534506
19039,29,-0.006,689.5916945674
19125,29,-0.006,690.6986243768
20013,29,-0.017,572.8081526187
20159,29,-0.017,574.9754435201
22099,29,-0.017,559.9962849447
27119,29,-0.017,606.4368122285
30081,29,-0.014,635.0215357842
31015,29,-0.027,263.610605683
31139,29,-0.027,250.1129300777
36057,29,-0.014,652.0709479876
39075,29,-0.027,139.4991801225
48201,29,-0.027,298.7071697222
50013,29,-0.027,109.4057990818
51111,29,-0.028,26.2452638426
51119,29,-0.028,26.770224
55075,29,-0.013,668.6599158595
6041,29.5,-0.026,462.8256686867
9005,29.5,-0.012,696.6917534027
17111,29.5,-0.020,512.1983451714
17163,29.5,-0.020,513.1835850514
19123,29.5,-0.006,695.3158036194
27113,29.5,-0.017,611.425908995
30071,29.5,-0.014,643.3333533221
36095,29.5,-0.014,657.958825407
38059,29.5,-0.027,450.7399538106
38089,29.5,-0.027,443.0149592586
42001,29.5,-0.020,545.1012463952
48489,29.5,-0.027,314.4627904853
51045,29.5,-0.028,41.111111
51053,29.5,-0.028,39.2992917923
2275,30,-0.030,1.5554156171
8107,30,-0.021,501.1815996685
12077,30,-0.027,229.2965730405
12086,30,-0.027,230.1928657388
17153,30,-0.020,520.1359193378
17197,30,-0.020,514.9865946515
19029,30,-0.006,709.850301631
19085,30,-0.006,708.6347704171
20191,30,-0.017,592.839048226
30001,30,-0.014,649.8984946237
30049,30,-0.014,650.6504260893
31021,30,-0.027,296.0967729689
36023,30,-0.014,671.6946838784
42059,30,-0.020,557.7090007729
48019,30,-0.027,340.464173
48103,30,-0.027,342.8268621236
48113,30,-0.027,332.5258165142
48187,30,-0.027,337.4070572367
48325,30,-0.027,329.9087510585
48401,30,-0.027,342.562803844
51017,30,-0.028,47.1024608501
55055,30,-0.013,689.2407431498
6065,30.5,-0.026,489.2544173592
8045,30.5,-0.021,513.2273689646
19135,30.5,-0.006,716.8198294243
19187,30.5,-0.006,716.1520865366
20055,30.5,-0.017,604.6712646156
20145,30.5,-0.017,603.0783489324
22077,30.5,-0.017,586.1303761629
27029,30.5,-0.017,637.9219584233
27061,30.5,-0.017,632.9096071311
30061,30.5,-0.014,658.8502705246
36037,30.5,-0.014,683.4625447512
39121,30.5,-0.027,223.1377914282
42031,30.5,-0.020,566.7854574915
48003,30.5,-0.027,347.5610052472
48067,30.5,-0.027,353.7253323657
48145,30.5,-0.027,351.8083945864
55085,30.5,-0.013,693.1120420615
55111,30.5,-0.013,699.5540052167
6013,31,-0.026,504.0403924579
6095,31,-0.026,496.1567375691
8091,31,-0.021,520.2156789597
9007,31,-0.012,731.6598136082
17123,31,-0.020,544.6934985812
22019,31,-0.017,590.5452643017
27071,31,-0.017,646.0209095865
27091,31,-0.017,641.3856757567
31003,31,-0.027,327.6153336452
31107,31,-0.027,321.0603125366
31125,31,-0.027,314.478059805
31155,31,-0.027,321.8085030453
40129,31,-0.028,18.5158394931
42061,31,-0.020,577.1062450731
48017,31,-0.027,363.7317961165
48063,31,-0.027,357.3955212112
48089,31,-0.027,356.581648299
48115,31,-0.027,357.4385724852
51077,31,-0.028,105.5669185611
8001,31.5,-0.021,528.1151470376
8077,31.5,-0.021,535.9320732865
8123,31.5,-0.021,536.6123419386
17143,31.5,-0.020,551.0557026329
22057,31.5,-0.017,606.8449326214
27017,31.5,-0.017,655.2732997835
31033,31.5,-0.027,330.0904396577
36003,31.5,-0.014,694.829210737
38105,31.5,-0.027,486.5900153001
40043,31.5,-0.028,31.4745151401
40149,31.5,-0.028,26.8566375096
42029,31.5,-0.020,582.8382037411
48241,31.5,-0.027,367.6078409283
48481,31.5,-0.027,371.8945668418
51075,31.5,-0.028,160.1212196108
51183,31.5,-0.028,142.0587387964
6031,32,-0.026,516.4381677872
6071,32,-0.026,515.6488527738
8013,32,-0.021,541.2559147327
12047,32,-0.027,300.4499825114
17105,32,-0.020,553.0230427313
17107,32,-0.020,556.1092425578
18129,32,-0.027,468.2154672311
18155,32,-0.027,471.903886355
25023,32,-0.021,553.7584410445
25027,32,-0.021,560.0682423992
27135,32,-0.017,661.1050729233
29035,32,-0.031,7.644739
29179,32,-0.031,10.6950404229
29203,32,-0.031,8.979111
31023,32,-0.027,350.7771102896
31153,32,-0.027,353.4771076657
38029,32,-0.027,498.7488977072
38035,32,-0.027,498.7786113148
38069,32,-0.027,498.8824211503
39125,32,-0.027,273.697328204
40003,32,-0.028,45.9741394001
42011,32,-0.020,589.4660595129
42071,32,-0.020,599.9029189898
42095,32,-0.020,595.9019590244
42105,32,-0.020,597.4873924999
48039,32,-0.027,385.2123403174
48177,32,-0.027,381.634205026
48227,32,-0.027,384.8754770736
48419,32,-0.027,382.8187150618
48455,32,-0.027,385.0764129982
48495,32,-0.027,383.9486258588
51025,32,-0.028,179.5744250808
51033,32,-0.028,172.6090915155
51143,32,-0.028,172.1440492652
55105,32,-0.013,732.9441058421
6025,32.5,-0.026,529.6058959659
6055,32.5,-0.026,530.0877744707
6087,32.5,-0.026,527.331801303
8065,32.5,-0.021,545.7963593854
12049,32.5,-0.027,312.8358664824
17109,32.5,-0.020,572.0011489484
19111,32.5,-0.006,767.3335233264
22027,32.5,-0.017,618.478367597
22067,32.5,-0.017,620.6947906801
27041,32.5,-0.017,672.335266352
27077,32.5,-0.017,675.4277976039
29003,32.5,-0.031,18.117831
29135,32.5,-0.031,17.2568282904
29171,32.5,-0.031,17.085323
31017,32.5,-0.027,356.2897997284
31081,32.5,-0.027,358.0550598477
31135,32.5,-0.027,359.292374321
36027,32.5,-0.014,715.6659115346
39005,32.5,-0.027,297.2811531017
39107,32.5,-0.027,289.3678480765
39137,32.5,-0.027,289.4333764174
39175,32.5,-0.027,297.0497909455
40011,32.5,-0.028,65.4087575003
40033,32.5,-0.028,59.9386570213
40069,32.5,-0.028,58.3380236794
40093,32.5,-0.028,66.8714772874
40127,32.5,-0.028,72.7933917553
42019,32.5,-0.020,607.3152265842
42113,32.5,-0.020,606.6372076485
46007,32.5,-0.032,2.553316
46009,32.5,-0.032,0.586972083
46025,32.5,-0.032,0.54892
46049,32.5,-0.032,1.5511339324
46073,32.5,-0.032,1.8978467702
48027,32.5,-0.027,396.2981420608
48273,32.5,-0.027,389.4127193395
48285,32.5,-0.027,387.4826577939
48329,32.5,-0.027,393.8787536396
51013,32.5,-0.028,197.2195807369
6053,33,-0.026,542.5018414466
6111,33,-0.026,544.7551003132
17075,33,-0.020,574.4927106585
18147,33,-0.027,487.5375331885
20091,33,-0.017,650.4881592805
22119,33,-0.017,636.5367681967
27121,33,-0.017,683.5425686079
29089,33,-0.031,18.979830358
29103,33,-0.031,21.586701
29111,33,-0.031,23.9762616954
29137,33,-0.031,23.463547128
31047,33,-0.027,368.3446370259
39011,33,-0.027,301.2421963554
40107,33,-0.028,80.2043551433
42067,33,-0.020,608.2125965153
46037,33,-0.032,9.348709
46101,33,-0.032,8.1928460342
46107,33,-0.032,8.5280172414
48341,33,-0.027,399.840350483
51125,33,-0.028,225.9587757863
55003,33,-0.013,755.12106293
6083,33.5,-0.026,544.9912201615
8005,33.5,-0.021,570.2700825231
17057,33.5,-0.020,587.3135942183
17125,33.5,-0.020,581.5223706299
17191,33.5,-0.020,586.7896851976
18159,33.5,-0.027,502.6219624026
19101,33.5,-0.006,787.8804898889
20045,33.5,-0.017,658.589142165
22017,33.5,-0.017,646.141350513
30089,33.5,-0.014,712.0082921665
30105,33.5,-0.014,712.7079905993
31177,33.5,-0.027,382.5659818254
31179,33.5,-0.027,385.0475072061
34017,33.5,-0.027,371.5416486376
36021,33.5,-0.014,742.4456908745
36109,33.5,-0.014,741.4939290548
36115,33.5,-0.014,738.4713482243
38003,33.5,-0.027,528.4052166862
39019,33.5,-0.027,313.0955377369
40059,33.5,-0.028,127.459201851
40113,33.5,-0.028,129.7412658968
42003,33.5,-0.020,629.4894506847
42125,33.5,-0.020,625.0965855345
46015,33.5,-0.032,13.6405036925
46059,33.5,-0.032,15.2868876941
48041,33.5,-0.027,418.6908113487
48203,33.5,-0.027,421.7113834537
48255,33.5,-0.027,420.4025041736
53039,33.5,-0.028,195.9021211833
55101,33.5,-0.013,765.1508714374
55131,33.5,-0.013,760.1133503898
2220,34,-0.030,107.266649272
6077,34,-0.026,553.2906765679
8011,34,-0.021,578.1382933105
18025,34,-0.027,508.756892111
19145,34,-0.006,795.2160108199
19159,34,-0.006,791.4623125493
29025,34,-0.031,41.6869591746
29199,34,-0.031,39.7023073754
29227,34,-0.031,36.710622
32015,34,-0.036,7.3993732001
38099,34,-0.027,541.6842250161
40053,34,-0.028,149.9429720318
40103,34,-0.028,141.5594382898
48133,34,-0.027,425.5875295801
48365,34,-0.027,422.2123201212
48453,34,-0.027,427.6471810145
48497,34,-0.027,428.5128587994
51031,34,-0.028,249.654558327
51059,34,-0.028,261.6291933177
51133,34,-0.028,251.0519947678
51165,34,-0.028,264.4609825303
53069,34,-0.028,217.3103506927
4011,34.5,-0.038,2.319236
6019,34.5,-0.026,565.3610925045
6067,34.5,-0.026,566.5046641822
8085,34.5,-0.021,586.4026766961
9015,34.5,-0.012,803.4732571007
12095,34.5,-0.027,364.3368055609
22073,34.5,-0.017,660.8757025025
29045,34.5,-0.031,55.3940596971
29185,34.5,-0.031,63.9443458686
31109,34.5,-0.027,406.7784695303
31151,34.5,-0.027,408.9150679177
34035,34.5,-0.027,399.5302918592
36059,34.5,-0.014,756.9103463474
40073,34.5,-0.028,182.7483957906
40139,34.5,-0.028,171.5231630136
42109,34.5,-0.020,648.435021264
46117,34.5,-0.032,30.38541
48121,34.5,-0.027,430.5471911782
48123,34.5,-0.027,437.5093042266
51015,34.5,-0.028,282.2730306537
51159,34.5,-0.028,276.4207453974
55125,34.5,-0.013,789.0585869921
6069,35,-0.026,579.822765002
17039,35,-0.020,612.568781929
17101,35,-0.020,608.0579103754
17133,35,-0.020,612.1636411937
17157,35,-0.020,613.2362717643
19027,35,-0.006,815.3001756269
19067,35,-0.006,809.0134711779
19073,35,-0.006,813.2103135039
29085,35,-0.031,86.6317791544
33011,35,-0.023,588.5536173582
34013,35,-0.027,407.137694154
39171,35,-0.027,363.8318157328
42065,35,-0.020,650.5674544227
46115,35,-0.032,42.87569
48055,35,-0.027,447.5359557771
48189,35,-0.027,441.2700523865
48209,35,-0.027,454.5804178927
48309,35,-0.027,449.781113766
48321,35,-0.027,449.0223823769
50001,35,-0.027,353.2874848117
51065,35,-0.028,287.4523346674
51101,35,-0.028,293.206097486
55067,35,-0.013,795.7154450398
55135,35,-0.013,796.7104437386
2150,35.5,-0.030,199.4170926633
6029,35.5,-0.026,585.0062753918
9011,35.5,-0.012,818.9796772639
18165,35.5,-0.027,540.798241142
20077,35.5,-0.017,695.1589736978
20079,35.5,-0.017,694.7609842329
20209,35.5,-0.017,700.2895286131
22015,35.5,-0.017,681.4347912922
22033,35.5,-0.017,678.8171181839
25003,35.5,-0.021,624.7375535876
29125,35.5,-0.031,124.5816969765
34039,35.5,-0.027,420.8109452199
36019,35.5,-0.014,788.3147776643
36025,35.5,-0.014,781.5615052222
36097,35.5,-0.014,788.7605300781
39173,35.5,-0.027,369.3633238264
42087,35.5,-0.020,665.9477849462
48029,35.5,-0.027,457.3473070521
51510,35.5,-0.028,303.6368208141
53001,35.5,-0.028,270.4453360341
17021,36,-0.020,638.9577908567
19033,36,-0.006,836.9438129112
27011,36,-0.017,742.3728670635
29223,36,-0.031,158.702387169
31099,36,-0.027,437.1867881549
41023,36,-0.035,38.9759916493
42015,36,-0.020,673.4239976502
55133,36,-0.013,816.1595609451
6107,36.5,-0.026,600.0798672648
9009,36.5,-0.012,845.0632319918
17091,36.5,-0.020,648.7079428927
19153,36.5,-0.006,841.333216452
20053,36.5,-0.017,724.6008198014
22055,36.5,-0.017,693.4327149747
27057,36.5,-0.017,747.0092471557
29039,36.5,-0.031,169.4801923353
38021,36.5,-0.027,587.1835815047
39035,36.5,-0.027,398.0055433423
39037,36.5,-0.027,392.3258698825
46093,36.5,-0.032,122.6386552286
48043,36.5,-0.027,482.8305631493
48307,36.5,-0.027,480.4655616833
48331,36.5,-0.027,479.2457471546
48449,36.5,-0.027,483.091775741
51049,36.5,-0.028,331.1023767877
17099,37,-0.020,652.2186234091
29211,37,-0.031,204.276661
31055,37,-0.027,458.2609150935
31067,37,-0.027,461.5793150685
31141,37,-0.027,458.2901330411
33005,37,-0.023,636.4951191558
36101,37,-0.014,808.9021724657
39111,37,-0.027,411.0011798182
39115,37,-0.027,408.0751844082
40081,37,-0.028,283.6127504138
42035,37,-0.020,689.841535458
42115,37,-0.020,687.007248116
46077,37,-0.032,152.0199023046
46085,37,-0.032,151.4503192724
46125,37,-0.032,151.7674503594
48085,37,-0.027,484.3243006716
48165,37,-0.027,492.7363223779
48245,37,-0.027,488.153420262
48339,37,-0.027,488.7612038865
48463,37,-0.027,491.5631492017
48493,37,-0.027,485.4056818182
51107,37,-0.028,347.9420811492
51153,37,-0.028,355.3820521959
55047,37,-0.013,838.6089308443
12039,37.5,-0.027,434.8310452689
12065,37.5,-0.027,435.7356011647
18089,37.5,-0.027,574.6200116836
20021,37.5,-0.017,738.142307505
22109,37.5,-0.017,716.0310251641
27065,37.5,-0.017,778.2934899286
29053,37.5,-0.031,217.4789706382
29151,37.5,-0.031,209.7585485765
30029,37.5,-0.014,799.3101856185
31019,37.5,-0.027,472.118044328
34019,37.5,-0.027,455.8761634579
36085,37.5,-0.014,823.6684072337
38015,37.5,-0.027,603.5751846953
41049,37.5,-0.035,112.0472966935
46097,37.5,-0.032,172.1974647809
48249,37.5,-0.027,502.1360494901
48389,37.5,-0.027,503.428794461
48397,37.5,-0.027,495.7803678146
48439,37.5,-0.027,498.3818838657
48477,37.5,-0.027,501.5490867252
51007,37.5,-0.028,362.31085794
51035,37.5,-0.028,357.464035796
53029,37.5,-0.028,334.5597260308
55057,37.5,-0.013,855.4656802929
8041,38,-0.021,653.3503857097
12117,38,-0.027,446.2319790535
17029,38,-0.020,667.1611736258
18023,38,-0.027,580.5805145819
25001,38,-0.021,674.3339383109
29005,38,-0.031,236.6266490765
31159,38,-0.027,483.7485388662
34003,38,-0.027,470.9606800596
34027,38,-0.027,468.2392349287
39063,38,-0.027,427.2987442605
39083,38,-0.027,427.3953259855
40063,38,-0.028,300.1400618857
46083,38,-0.032,206.2012715472
48099,38,-0.027,511.8183383442
48147,38,-0.027,505.5150327961
48445,38,-0.027,512.3775021587
48475,38,-0.027,509.16517362
51179,38,-0.028,366.7439983662
51193,38,-0.028,374.9356174485
4023,38.5,-0.038,133.4320182519
17177,38.5,-0.020,677.0840455529
17179,38.5,-0.020,676.3870029674
17185,38.5,-0.020,684.4225870733
22005,38.5,-0.017,739.2804319618
22053,38.5,-0.017,741.6475078724
31001,38.5,-0.027,489.2398771647
31089,38.5,-0.027,488.1908271114
36071,38.5,-0.014,843.1451381846
39109,38.5,-0.027,440.2542216764
42005,38.5,-0.020,716.0337648392
42133,38.5,-0.020,712.6647052049
46039,38.5,-0.032,224.981148
46079,38.5,-0.032,222.7185469815
50017,38.5,-0.027,428.5588428665
51037,38.5,-0.028,380.0835177444
51199,38.5,-0.028,385.387001194
51760,38.5,-0.028,380.1927468008
55113,38.5,-0.013,880.8801905227
56015,38.5,-0.028,375.3693491743
17135,39,-0.020,691.3002283895
19121,39,-0.006,920.4237288136
19179,39,-0.006,928.152105308
20059,39,-0.017,774.159397087
22025,39,-0.017,753.6253572484
29061,39,-0.031,277.5338361808
29141,39,-0.031,274.2731396559
30027,39,-0.014,832.8438785333
30099,39,-0.014,837.4061271298
31043,39,-0.027,498.1680381117
31045,39,-0.027,494.683655439
31147,39,-0.027,501.2827711885
36007,39,-0.014,862.207959627
36009,39,-0.014,871.8042144709
39069,39,-0.027,442.1296735692
39103,39,-0.027,449.7380537997
39149,39,-0.027,443.4034886812
40067,39,-0.028,335.161209369
40151,39,-0.028,341.8805621238
42055,39,-0.020,730.3552506541
42117,39,-0.020,734.1682068916
42129,39,-0.020,727.6031691046
46019,39,-0.032,228.4718467373
46087,39,-0.032,229.8580550098
48025,39,-0.027,534.4818397518
48139,39,-0.027,533.7565268407
48279,39,-0.027,536.0053418005
48375,39,-0.027,537.2942316218
51023,39,-0.028,398.223468378
56005,39,-0.028,384.6717188135
8043,39.5,-0.021,676.5415917074
8059,39.5,-0.021,680.1495533346
17159,39.5,-0.020,697.6742778714
18151,39.5,-0.027,614.5563831025
18161,39.5,-0.027,609.9901141743
20035,39.5,-0.017,785.579803286
29027,39.5,-0.031,297.7138778606
29041,39.5,-0.031,295.096719
29059,39.5,-0.031,289.5324223754
30077,39.5,-0.014,846.3080409357
31121,39.5,-0.027,504.4870296648
38067,39.5,-0.027,641.2355098012
39041,39.5,-0.027,459.5824737194
39169,39.5,-0.027,462.5819425657
42091,39.5,-0.020,738.7267400984
46023,39.5,-0.032,246.8173558563
48135,39.5,-0.027,542.5129581776
48155,39.5,-0.027,540.9359631148
48197,39.5,-0.027,538.3752929688
48399,39.5,-0.027,541.49663539
51135,39.5,-0.028,405.4425764053
51145,39.5,-0.028,404.1143020228
55021,39.5,-0.013,905.7351215128
56039,39.5,-0.028,387.8480432432
17183,40,-0.020,706.0660931863
18145,40,-0.027,627.0925850983
20011,40,-0.017,794.7367455139
22101,40,-0.017,771.1852300701
36029,40,-0.014,885.2745762418
40075,40,-0.028,362.394575678
42007,40,-0.020,747.0626928247
42043,40,-0.020,755.9127418191
46027,40,-0.032,278.4520015755
48159,40,-0.027,551.945638907
48491,40,-0.027,548.5596070118
49037,40,-0.037,198.4376109561
51019,40,-0.028,415.5192990582
51099,40,-0.028,411.5068783069
51540,40,-0.028,419.5796295899
56001,40,-0.028,410.8778322268
8087,40.5,-0.021,698.5712270804
12013,40.5,-0.027,496.2863711796
12073,40.5,-0.027,499.8156718086
12097,40.5,-0.027,498.4813869435
16037,40.5,-0.039,168.3187392953
16073,40.5,-0.039,176.3462533156
18001,40.5,-0.027,639.4110348771
20009,40.5,-0.017,802.7717964801
21063,40.5,-0.041,17.7832112971
22003,40.5,-0.017,788.9567418137
29019,40.5,-0.031,313.528569959
31097,40.5,-0.027,525.217378697
36039,40.5,-0.014,909.375496063
39055,40.5,-0.027,474.5839620837
42009,40.5,-0.020,766.5515992261
42041,40.5,-0.020,761.5676022376
42075,40.5,-0.020,760.9359510312
42099,40.5,-0.020,761.98454635
48143,40.5,-0.027,560.0802976509
48199,40.5,-0.027,560.5248008592
51127,40.5,-0.028,425.0053452334
53033,40.5,-0.028,409.4144804865
55071,40.5,-0.013,933.2927348821
8009,41,-0.021,709.2670124481
17115,41,-0.020,727.9435616898
18039,41,-0.027,647.9777465426
19117,41,-0.006,990.3849343469
22051,41,-0.017,792.1670689359
22121,41,-0.017,792.6208709298
27095,41,-0.017,847.7995191562
27155,41,-0.017,859.7786680388
33019,41,-0.023,707.9266879233
39067,41,-0.027,488.0376699029
39135,41,-0.027,494.4646616178
40095,41,-0.028,383.6574667324
42093,41,-0.020,779.0828797758
48001,41,-0.027,569.9247655436
48167,41,-0.027,568.1011715416
48233,41,-0.027,563.1884604767
48259,41,-0.027,569.4652832805
48349,41,-0.027,569.5942718788
51043,41,-0.028,438.2525586577
4001,41.5,-0.038,261.5914318493
6021,41.5,-0.026,697.9984295249
8017,41.5,-0.021,723.5600054675
12011,41.5,-0.027,519.3380344596
12109,41.5,-0.027,519.2677726791
17081,41.5,-0.020,741.3473261544
18103,41.5,-0.027,649.500083654
20181,41.5,-0.017,821.3363697142
21165,41.5,-0.041,30.4851368355
22103,41.5,-0.017,807.1205655609
24033,41.5,-0.036,283.1907557158
29119,41.5,-0.031,353.2950580753
36013,41.5,-0.014,940.4063955222
36111,41.5,-0.014,931.6632231061
38093,41.5,-0.027,677.6203383405
39133,41.5,-0.027,500.8624618703
40005,41.5,-0.028,392.8596389473
40023,41.5,-0.028,392.2645862506
42033,41.5,-0.020,788.4098575203
48219,41.5,-0.027,573.057696411
53059,41.5,-0.028,426.8876885087
16013,42,-0.039,244.5356845128
18011,42,-0.027,660.5354256125
18119,42,-0.027,664.9685224224
18131,42,-0.027,657.0755683141
22117,42,-0.017,809.2457786116
31093,42,-0.027,554.0667030738
31123,42,-0.027,561.5482076638
34023,42,-0.027,552.5256463313
38073,42,-0.027,689.4795337739
42037,42,-0.020,789.7775977922
42123,42,-0.020,797.5985741162
46109,42,-0.032,334.6510765202
48303,42,-0.027,583.5568185992
48451,42,-0.027,583.4992252657
53055,42,-0.028,440.6617647059
12067,42.5,-0.027,541.4140020778
12079,42.5,-0.027,539.2598870056
17095,42.5,-0.020,761.5124122781
17145,42.5,-0.020,761.2011790373
18017,42.5,-0.027,670.723979041
18133,42.5,-0.027,672.7366236531
18139,42.5,-0.027,670.6999760077
20029,42.5,-0.017,859.8534005857
21139,42.5,-0.041,56.754729766
22059,42.5,-0.017,820.025577668
25013,42.5,-0.021,769.0849773736
29011,42.5,-0.031,369.4281144781
29186,42.5,-0.031,371.1604721246
39147,42.5,-0.027,517.8213270994
42025,42.5,-0.020,806.6253283302
42049,42.5,-0.020,802.9302882627
48213,42.5,-0.027,597.0749135709
48267,42.5,-0.027,591.1609503191
51003,42.5,-0.028,473.0135946946
51115,42.5,-0.028,462.6215019183
55079,42.5,-0.013,1013.9590429503
2090,43,-0.030,413.5739277936
6047,43,-0.026,726.4664543406
8029,43,-0.021,751.6719703793
16051,43,-0.039,268.8184998343
17045,43,-0.020,770.0258152174
17167,43,-0.020,769.8982245662
18031,43,-0.027,683.4387089476
18113,43,-0.027,676.2017891186
20113,43,-0.017,868.31712795
20123,43,-0.017,868.4808978032
21023,43,-0.041,88.35955
30023,43,-0.014,963.9751613962
31079,43,-0.027,574.5174448768
36063,43,-0.014,999.8821736922
46091,43,-0.032,361.8699150765
48127,43,-0.027,603.5105191257
48367,43,-0.027,605.5541486171
48471,43,-0.027,601.1432127753
53017,43,-0.028,461.2511965264
56033,43,-0.028,472.0221600187
12105,43.5,-0.027,554.776813128
13037,43.5,-0.042,2.7749960208
13079,43.5,-0.042,4.5937197288
13149,43.5,-0.042,3.7033105122
13183,43.5,-0.042,0.3096272066
18021,43.5,-0.027,686.2175602762
18033,43.5,-0.027,692.5039799009
20177,43.5,-0.017,876.0911568051
29057,43.5,-0.031,398.2702764977
30021,43.5,-0.014,967.558025974
31129,43.5,-0.027,584.7471124971
33001,43.5,-0.023,769.1563793473
34031,43.5,-0.027,575.3322737984
36113,43.5,-0.014,1005.3396611427
39093,43.5,-0.027,540.3295329792
42131,43.5,-0.020,821.8936690647
46011,43.5,-0.032,374.0773814792
46033,43.5,-0.032,373.670938906
48023,43.5,-0.027,608.5995715865
48091,43.5,-0.027,615.4795114996
48149,43.5,-0.027,608.0967741935
48171,43.5,-0.027,610.2499711127
48217,43.5,-0.027,617.3063262086
48355,43.5,-0.027,613.4922591496
48381,43.5,-0.027,617.3391367094
48415,43.5,-0.027,609.1804144195
51057,43.5,-0.028,494.5455974843
54063,43.5,-0.039,261.5323559899
54093,43.5,-0.039,246.5595930233
2198,44,-0.030,433.249211481
6017,44,-0.026,745.9428794483
12059,44,-0.027,563.305526806
13289,44,-0.042,7.9985101311
13301,44,-0.042,5.8489010989
17047,44,-0.020,798.1465411693
18003,44,-0.027,699.3056968381
18037,44,-0.027,694.8981889263
18063,44,-0.027,698.307322747
18097,44,-0.027,694.8465591787
18105,44,-0.027,695.8998237794
18157,44,-0.027,700.0169621043
18173,44,-0.027,696.4014411038
20015,44,-0.017,894.5454817878
22115,44,-0.017,871.8256795859
24027,44,-0.036,353.1633175289
25007,44,-0.021,790.4344181745
26113,44,-0.040,237.4382171375
33009,44,-0.023,775.3813703538
38057,44,-0.027,724.9064723822
39003,44,-0.027,545.9978740723
39065,44,-0.027,547.7029859226
39117,44,-0.027,547.1970120317
39161,44,-0.027,549.0632658777
40049,44,-0.028,451.1397946316
40055,44,-0.028,445.4834431631
42063,44,-0.020,838.6485753053
42079,44,-0.020,834.1387663331
42081,44,-0.020,833.5745208879
44001,44,-0.031,439.4102762611
46013,44,-0.032,383.2369730566
48251,44,-0.027,625.7279579974
56031,44,-0.028,493.3795392646
6097,44.5,-0.026,764.5296467561
8069,44.5,-0.021,785.7718247961
8125,44.5,-0.021,784.5353834023
13093,44.5,-0.042,12.5522622016
15003,44.5,-0.039,319.5695904934
16065,44.5,-0.039,314.3169858647
18027,44.5,-0.027,711.4868413055
20005,44.5,-0.017,901.9654835956
20075,44.5,-0.017,907.3830840744
20173,44.5,-0.017,903.9439846435
24031,44.5,-0.036,355.7291225209
29075,44.5,-0.031,416.916654214
39001,44.5,-0.027,559.5761133314
47121,44.5,-0.041,77.20112
47175,44.5,-0.041,91.89114
48257,44.5,-0.027,631.3399947685
51610,44.5,-0.028,514.4244889145
51700,44.5,-0.028,506.1655728267
1085,45,-0.043,1.151988908
12029,45,-0.027,586.1945318768
13181,45,-0.042,23.5295842565
17201,45,-0.020,812.5693504901
18047,45,-0.027,722.5283315845
18135,45,-0.027,713.5553789925
20039,45,-0.017,920.6467428377
21221,45,-0.041,203.0093971756
25015,45,-0.021,810.9633707809
26131,45,-0.040,268.6940444481
29115,45,-0.031,422.2914770881
29221,45,-0.031,429.597426174
30073,45,-0.014,1039.0177878396
33015,45,-0.023,793.2854790126
46089,45,-0.032,406.2011387164
48337,45,-0.027,641.7033537535
48379,45,-0.027,647.59103127
51093,45,-0.028,515.3460924161
56009,45,-0.028,513.9525498736
2261,45.5,-0.030,469.9520935698
13315,45.5,-0.042,28.6632042452
17063,45.5,-0.020,820.9558180487
18055,45.5,-0.027,732.2517801547
18059,45.5,-0.027,733.8407611693
20057,45.5,-0.017,941.5329511235
20125,45.5,-0.017,932.9974785376
21091,45.5,-0.041,212.9250604
25005,45.5,-0.021,822.8064342316
29157,45.5,-0.031,433.414507637
32027,45.5,-0.036,388.469889961
39139,45.5,-0.027,575.1017114874
39165,45.5,-0.027,573.2721043886
40051,45.5,-0.028,483.1971526863
42101,45.5,-0.020,878.2375998602
48013,45.5,-0.027,649.1462372251
48409,45.5,-0.027,654.7599804029
48467,45.5,-0.027,648.7149606887
50015,45.5,-0.027,563.9213790371
50019,45.5,-0.027,569.8319557196
51710,45.5,-0.028,529.5092311876
17055,46,-0.020,836.7089274408
19175,46,-0.006,1213.48913305
20067,46,-0.017,961.872688478
26037,46,-0.040,301.521023388
27117,46,-0.017,1015.0434688815
29007,46,-0.031,442.1165312692
31013,46,-0.027,634.463747023
31041,46,-0.027,634.4482232093
34021,46,-0.027,624.9687074244
39051,46,-0.027,588.1432164939
39085,46,-0.027,581.7721302537
39157,46,-0.027,579.9364587369
42111,46,-0.020,893.3600275416
50023,46,-0.027,579.8088446052
51047,46,-0.028,544.6089577602
51109,46,-0.028,541.0065892145
51600,46,-0.028,544.6748427935
53049,46,-0.028,516.3770145817
53075,46,-0.028,517.2138157212
54017,46,-0.039,344.0123838063
54105,46,-0.039,331.0115858844
1105,46.5,-0.043,21.63663
17193,46.5,-0.020,854.3532491101
18125,46.5,-0.027,751.748928061
18181,46.5,-0.027,748.3929527024
19007,46.5,-0.006,1286.9556229547
20051,46.5,-0.017,973.1498845982
20099,46.5,-0.017,976.780752776
20171,46.5,-0.017,975.795930701
22009,46.5,-0.017,937.5442181836
26089,46.5,-0.040,316.8799872617
30013,46.5,-0.014,1095.0448965702
31131,46.5,-0.027,645.0587462462
39089,46.5,-0.027,592.2997010025
50005,46.5,-0.027,587.3519168291
50027,46.5,-0.027,586.3630263559
51530,46.5,-0.028,548.5042308855
51810,46.5,-0.028,550.550406962
56035,46.5,-0.028,540.0587938176
13145,47,-0.042,73.6260222881
13173,47,-0.042,94.4895085822
13197,47,-0.042,84.989798539
13231,47,-0.042,104.13081768
17083,47,-0.020,865.6752190238
20193,47,-0.017,1000.0879301619
29145,47,-0.031,469.7916915465
31083,47,-0.027,649.7204519119
31137,47,-0.027,651.4470202238
36015,47,-0.014,1165.1448587934
36105,47,-0.014,1182.4476942185
39021,47,-0.027,600.8200682279
41067,47,-0.035,428.8370298402
50007,47,-0.027,588.941914216
51009,47,-0.028,554.7371686407
51069,47,-0.028,561.1813122754
53011,47,-0.028,540.8558874416
8099,47.5,-0.021,858.5847415091
13249,47.5,-0.042,131.274017995
17119,47.5,-0.020,877.6911975177
26027,47.5,-0.040,353.987223416
27001,47.5,-0.017,1075.7008024455
29073,47.5,-0.031,481.2847960695
29101,47.5,-0.031,480.9002613483
30093,47.5,-0.014,1156.8070013286
30111,47.5,-0.014,1129.8729560389
31119,47.5,-0.027,664.4790091041
37131,47.5,-0.045,11.621402
39007,47.5,-0.027,614.9551869576
41003,47.5,-0.035,430.4850408806
42103,47.5,-0.020,936.7280201612
42127,47.5,-0.020,939.2387983906
48231,47.5,-0.027,690.2354303014
48299,47.5,-0.027,686.5961305314
53053,47.5,-0.028,552.6589363875
53073,47.5,-0.028,548.2490625765
6061,48,-0.026,831.989429688
12021,48,-0.027,640.5419235667
12099,48,-0.027,647.8302545212
16035,48,-0.039,402.6889712806
16067,48,-0.039,409.0749718978
18051,48,-0.027,781.3616580311
18167,48,-0.027,786.1055831541
20101,48,-0.017,1037.06961078
20175,48,-0.017,1035.6516931583
21135,48,-0.041,299.8326998977
21223,48,-0.041,304.610502908
29205,48,-0.031,490.4683420366
39143,48,-0.027,619.9146098293
40089,48,-0.028,534.8647421932
41031,48,-0.035,445.2855378099
42017,48,-0.020,941.9359322374
42089,48,-0.020,959.2087357344
42107,48,-0.020,950.1066463794
44009,48,-0.031,523.9448611649
48343,48,-0.027,699.533557047
48423,48,-0.027,701.7432805828
49013,48,-0.037,429.2851596204
51001,48,-0.028,574.6616929003
51147,48,-0.028,577.1107964448
54085,48,-0.039,386.0919154478
56045,48,-0.028,566.8683301078
1011,48.5,-0.043,87.071457788
6027,48.5,-0.026,845.9595290252
8055,48.5,-0.021,872.1813770795
8075,48.5,-0.021,875.260755128
12037,48.5,-0.027,649.8263327948
12129,48.5,-0.027,651.2322181703
13209,48.5,-0.042,180.202519272
18049,48.5,-0.027,794.3273935516
18101,48.5,-0.027,793.6831605711
21175,48.5,-0.041,327.2813182674
22105,48.5,-0.017,1023.1566618772
26109,48.5,-0.040,377.4134533718
26161,48.5,-0.040,369.0869371378
39087,48.5,-0.027,636.5012682256
45065,48.5,-0.047,19.7858444519
46051,48.5,-0.032,477.7864393727
48037,48.5,-0.027,710.7897075673
48111,48.5,-0.027,705.3641342508
48291,48.5,-0.027,708.43362543
51550,48.5,-0.028,588.1735215288
54095,48.5,-0.039,394.6898607242
5025,49,-0.054,4.7835398869
6079,49,-0.026,864.4470204441
12001,49,-0.027,665.5027311474
13251,49,-0.042,194.7846702443
17077,49,-0.020,928.0571409319
18179,49,-0.027,807.5180946932
26085,49,-0.040,377.917498249
29033,49,-0.031,512.6891681495
29143,49,-0.031,508.6243958699
31111,49,-0.027,690.5425734799
31185,49,-0.027,692.3617267855
37103,49,-0.045,43.434585
39031,49,-0.027,644.0388853947
39057,49,-0.027,640.9051068255
39061,49,-0.027,648.4919081028
41051,49,-0.035,463.8410313124
41053,49,-0.035,473.3490697938
42045,49,-0.020,994.4066934566
44007,49,-0.031,538.6164461627
48021,49,-0.027,716.8720553355
48097,49,-0.027,712.9627571439
48265,49,-0.027,722.5060543617
48499,49,-0.027,723.3243841683
53037,49,-0.028,575.6971041623
53067,49,-0.028,578.7468835332
13273,49.5,-0.042,213.1815675409
17137,49.5,-0.020,937.1954174802
18045,49.5,-0.027,809.8028449159
18123,49.5,-0.027,808.3068692821
29107,49.5,-0.031,515.3184917892
29510,49.5,-0.031,517.7589052378
30017,49.5,-0.014,1253.5132262052
37073,49.5,-0.045,59.368395
39039,49.5,-0.027,654.2608468919
39049,49.5,-0.027,651.1620439682
39091,49.5,-0.027,654.4917816067
39097,49.5,-0.027,650.4495396199
40025,49.5,-0.028,553.8458935018
45017,49.5,-0.047,39.3935795954
48183,49.5,-0.027,726.3750282012
48347,49.5,-0.027,732.2834429825
51087,49.5,-0.028,601.2145100029
51121,49.5,-0.028,605.2451435184
53035,49.5,-0.028,580.6857006662
54013,49.5,-0.039,412.2847389558
1037,50,-0.043,165.292253357
5073,50,-0.054,13.1474268779
5101,50,-0.054,14.172564135
13165,50,-0.042,239.3999665066
17121,50,-0.020,953.0168236
18107,50,-0.027,816.5392000419
21229,50,-0.041,357.0454281688
22063,50,-0.017,1073.966847621
28063,50,-0.056,0.588211029
29049,50,-0.031,525.7457421515
29109,50,-0.031,526.2347826087
29149,50,-0.031,526.3318725463
30053,50,-0.014,1330.1279655679
33013,50,-0.023,921.0165817533
35011,50,-0.051,33.8101750547
42083,50,-0.020,1030.4968405168
48005,50,-0.027,738.4618661832
51177,50,-0.028,614.7548265951
53047,50,-0.028,596.6855188361
8015,50.5,-0.021,936.644549255
12027,50.5,-0.027,685.4467821084
12125,50.5,-0.027,689.1965340685
18085,50.5,-0.027,834.4190791147
18117,50.5,-0.027,837.3863810252
20137,50.5,-0.017,1153.5702702703
20169,50.5,-0.017,1149.2403440412
21061,50.5,-0.041,372.5797035063
26001,50.5,-0.040,414.30896705
28015,50.5,-0.056,8.525823
29169,50.5,-0.031,540.7274196276
31133,50.5,-0.027,722.504559985
34025,50.5,-0.027,703.8515829907
37033,50.5,-0.045,128.174753
38027,50.5,-0.027,873.56294926
39105,50.5,-0.027,670.4726748936
39159,50.5,-0.027,673.2105311642
40083,50.5,-0.028,572.6270980085
42047,50.5,-0.020,1058.0729463592
42121,50.5,-0.020,1053.7434816167
46105,50.5,-0.032,520.7465220272
47075,50.5,-0.041,331.8588192865
48093,50.5,-0.027,749.4402829486
2110,51,-0.030,577.2456343876
8083,51,-0.021,960.0502904311
10003,51,-0.022,956.3975652817
12111,51,-0.027,699.134775575
20071,51,-0.017,1168.0241541353
21109,51,-0.041,380.0830587178
24011,51,-0.036,495.2677798582
26151,51,-0.040,425.9949367089
29159,51,-0.031,545.887255946
29163,51,-0.031,549.9597231306
29219,51,-0.031,547.8132664936
35019,51,-0.051,46.7107641272
39153,51,-0.027,679.7911020577
40047,51,-0.028,581.2326133807
42013,51,-0.020,1081.6825778507
46045,51,-0.032,525.4485496374
51171,51,-0.028,640.0501504978
56019,51,-0.028,623.2545719278
1119,51.5,-0.043,242.4320003053
8081,51.5,-0.021,978.026744995
8105,51.5,-0.021,967.5752404054
12071,51.5,-0.027,711.9503349089
13063,51.5,-0.042,283.6544103959
13089,51.5,-0.042,291.6728731982
16043,51.5,-0.039,477.3091894844
18009,51.5,-0.027,861.6617336152
18141,51.5,-0.027,870.2218811582
20037,51.5,-0.017,1197.1490935054
20155,51.5,-0.017,1185.7443108698
21219,51.5,-0.041,393.1450802011
27159,51.5,-0.017,1320.1820540541
37053,51.5,-0.045,187.1346633416
39033,51.5,-0.027,687.4404103437
39151,51.5,-0.027,686.6640118348
40105,51.5,-0.028,596.3306765348
42097,51.5,-0.020,1107.5229822191
46099,51.5,-0.032,542.7865894156
48293,51.5,-0.027,777.335077187
49033,51.5,-0.037,501.9917784509
51079,51.5,-0.028,643.0971714852
53021,51.5,-0.028,622.8686927832
56021,51.5,-0.028,636.0701804965
5109,52,-0.054,54.1038895048
5147,52,-0.054,51.0706126687
6043,52,-0.026,957.8126746905
10001,52,-0.022,994.4931281082
13061,52,-0.042,308.6650350207
13121,52,-0.042,308.5036959632
13167,52,-0.042,299.1675383181
13221,52,-0.042,310.218647031
16081,52,-0.039,493.3551684968
18071,52,-0.027,878.6541105993
24510,52,-0.036,518.9678137297
26061,52,-0.040,453.4760857614
29013,52,-0.031,564.2773926791
29165,52,-0.031,565.4254079254
35041,52,-0.051,127.7698875523
39123,52,-0.027,692.680333684
48179,52,-0.027,786.2152520465
48469,52,-0.027,787.8270658786
54097,52,-0.039,465.9901445997
12057,52.5,-0.027,725.3052800119
12131,52.5,-0.027,728.5727152485
18079,52.5,-0.027,886.6458759006
18127,52.5,-0.027,886.8387004437
37079,52.5,-0.045,216.7905271127
39045,52.5,-0.027,703.9174680334
46103,52.5,-0.032,557.9845081047
49005,52.5,-0.037,521.4654048997
51041,52.5,-0.028,658.9225320015
51061,52.5,-0.028,657.5313308714
51800,52.5,-0.028,662.7669831331
12041,53,-0.027,743.004128147
12091,53,-0.027,742.2451576531
13259,53,-0.042,340.5838318236
16047,53,-0.039,506.3910625491
18069,53,-0.027,900.6025662026
18081,53,-0.027,899.3933691098
21077,53,-0.041,427.730112321
22047,53,-0.017,1219.4453542831
22079,53,-0.017,1233.4411272807
22087,53,-0.017,1234.4644115574
33017,53,-0.023,1034.0207372363
37185,53,-0.045,229.5075911684
42039,53,-0.020,1162.316451598
1063,53.5,-0.043,309.2618233282
1067,53.5,-0.043,300.6971430231
5075,53.5,-0.054,148.4605906192
6049,53.5,-0.026,1025.9820412716
12127,53.5,-0.027,753.5024435833
13155,53.5,-0.042,348.8275554354
18035,53.5,-0.027,917.1267586349
18053,53.5,-0.027,917.7705467865
18095,53.5,-0.027,922.4862823092
18175,53.5,-0.027,920.3567039207
20205,53.5,-0.017,1357.5404245709
21169,53.5,-0.041,432.9579170451
21191,53.5,-0.041,440.378019156
22097,53.5,-0.017,1250.0159335941
24019,53.5,-0.036,545.8085474308
24039,53.5,-0.036,549.9611145607
28143,53.5,-0.056,78.1131683264
31157,53.5,-0.027,782.0653594771
39113,53.5,-0.027,725.443856175
39129,53.5,-0.027,734.0908102039
42085,53.5,-0.020,1191.2852565786
46043,53.5,-0.032,576.7337924085
53077,53.5,-0.028,659.5036932846
8089,54,-0.021,1085.0665649021
12035,54,-0.027,757.6083953241
12055,54,-0.027,768.4565639103
12063,54,-0.027,760.1016481821
12119,54,-0.027,765.2600112708
13307,54,-0.042,357.502100642
16075,54,-0.039,533.9876834382
17001,54,-0.020,1128.058973632
26093,54,-0.040,488.5855773132
28135,54,-0.056,136.3978783932
31095,54,-0.027,792.4958694754
35031,54,-0.051,220.5842936851
37003,54,-0.045,283.1667782987
39023,54,-0.027,738.3654189866
44005,54,-0.031,633.9350909334
47127,54,-0.041,421.2743593799
4005,54.5,-0.038,560.2796321991
13269,54.5,-0.042,367.8392557023
20141,54.5,-0.017,1446.915557969
21099,54.5,-0.041,456.7562046169
31127,54.5,-0.027,807.2223956855
34037,54.5,-0.027,793.168765182
34041,54.5,-0.027,795.3415864282
37143,54.5,-0.045,298.316889881
39025,54.5,-0.027,755.5608719977
39029,54.5,-0.027,744.9362822739
45061,54.5,-0.047,267.4886008046
46035,54.5,-0.032,593.758837748
48057,54.5,-0.027,832.3173327244
48373,54.5,-0.027,838.7408668994
50003,54.5,-0.027,737.5249607622
50025,54.5,-0.027,739.1722214539
51083,54.5,-0.028,695.488683274
53007,54.5,-0.028,682.2024747501
1065,55,-0.043,355.6933567826
1131,55,-0.043,347.9820282123
5047,55,-0.054,213.9462631341
6099,55,-0.026,1071.0235740767
13131,55,-0.042,377.5038286054
13135,55,-0.042,385.1119696637
13271,55,-0.042,386.628597561
13309,55,-0.042,386.234404656
18005,55,-0.027,987.7748700131
20023,55,-0.017,1516.806364315
20183,55,-0.017,1559.4569384449
21103,55,-0.041,463.4186299616
21105,55,-0.041,473.4893755421
21121,55,-0.041,468.7633785061
26067,55,-0.040,507.5993024306
28119,55,-0.056,163.26118755
33003,55,-0.023,1128.4859046209
42069,55,-0.020,1330.6119660056
44003,55,-0.031,651.6063373402
46029,55,-0.032,602.1097390744
48007,55,-0.027,859.2743984221
49047,55,-0.037,564.966937355
51650,55,-0.028,702.8260366131
53019,55,-0.028,687.1585333685
54061,55,-0.039,529.0096703634
1029,55.5,-0.043,361.9908110268
1129,55.5,-0.043,358.6808795525
6063,55.5,-0.026,1102.2230430768
6115,55.5,-0.026,1110.2196208989
13141,55.5,-0.042,396.0176587534
17127,55.5,-0.020,1183.7021535961
17199,55.5,-0.020,1190.9031512169
18061,55.5,-0.027,995.8466825004
18075,55.5,-0.027,987.9903413664
20195,55.5,-0.017,1592.7943286642
26139,55.5,-0.040,518.0171956207
29215,55.5,-0.031,635.1387310237
31053,55.5,-0.027,821.6845202419
35059,55.5,-0.051,280.1965008331
39015,55.5,-0.027,771.7089349666
42073,55.5,-0.020,1375.353783974
48363,55.5,-0.027,862.4922029037
51027,55.5,-0.028,716.109940288
1061,56,-0.043,374.1671210367
6057,56,-0.026,1122.6805020379
8101,56,-0.021,1166.9517271733
12069,56,-0.027,807.0852688914
12113,56,-0.027,798.7590038314
13019,56,-0.042,404.5363339134
13159,56,-0.042,407.8040337367
18029,56,-0.027,1009.6583965221
18099,56,-0.027,1016.1923298547
18183,56,-0.027,1014.8348200922
20001,56,-0.017,1648.5949516395
20065,56,-0.017,1670.1868004631
21047,56,-0.041,486.972731861
21163,56,-0.041,486.0845867354
28053,56,-0.056,221.0582679663
28061,56,-0.056,226.166847728
29095,56,-0.031,646.8026113146
29189,56,-0.031,647.7123112097
35057,56,-0.051,285.9538908621
40133,56,-0.028,675.5395334273
42021,56,-0.020,1409.3801819501
42051,56,-0.020,1405.0490017062
45005,56,-0.047,313.6180960458
47157,56,-0.041,455.9038620826
47187,56,-0.041,457.4171359462
49049,56,-0.037,584.959477056
2195,56.5,-0.030,682.9015580737
6023,56.5,-0.026,1142.1079077855
12085,56.5,-0.027,813.5997901243
13177,56.5,-0.042,416.561673858
16057,56.5,-0.039,577.0379596679
18091,56.5,-0.027,1028.7819342737
18137,56.5,-0.027,1045.487683356
21181,56.5,-0.041,496.2363623615
28133,56.5,-0.056,228.9640066654
31029,56.5,-0.027,855.2797017189
32007,56.5,-0.036,608.7707711563
33007,56.5,-0.023,1191.1444316289
42023,56.5,-0.020,1451.6795224007
49043,56.5,-0.037,598.658087957
51085,56.5,-0.028,738.8532070098
54015,56.5,-0.039,554.1020763187
1045,57,-0.043,394.3208715828
10005,57,-0.022,1237.6063295953
17181,57,-0.020,1300.6827895221
18067,57,-0.027,1064.0561073695
18169,57,-0.027,1056.053270272
20151,57,-0.017,2014.425962233
35006,57,-0.051,327.6216473343
38031,57,-0.027,1125.4994040524
39017,57,-0.027,799.0952324015
39101,57,-0.027,804.5165633846
41027,57,-0.035,621.0061373558
41047,57,-0.035,622.4123858482
53025,57,-0.028,731.6509934698
1081,57.5,-0.043,404.4326307542
12051,57.5,-0.027,836.5485825302
12087,57.5,-0.027,830.4151157688
13179,57.5,-0.042,430.3843629436
13207,57.5,-0.042,431.000258274
16011,57.5,-0.039,591.3237608357
18073,57.5,-0.027,1088.8944129071
18177,57.5,-0.027,1069.5021268339
20129,57.5,-0.017,2445.114399734
21011,57.5,-0.041,519.9579653255
21027,57.5,-0.041,515.3621240883
21079,57.5,-0.041,523.2874050009
21185,57.5,-0.041,518.9445549133
22039,57.5,-0.017,1804.6344426992
28093,57.5,-0.056,275.4047778149
29113,57.5,-0.031,668.0928038613
29131,57.5,-0.031,668.3112332258
37135,57.5,-0.045,364.9623781428
38071,57.5,-0.027,1136.7825451419
39047,57.5,-0.027,811.1722166045
40041,57.5,-0.028,707.6074676186
40115,57.5,-0.028,703.5882555267
40145,57.5,-0.028,707.108870283
46081,57.5,-0.032,650.2898054537
47139,57.5,-0.041,486.6742085495
48053,57.5,-0.027,921.7660955062
48223,57.5,-0.027,926.1048505093
48441,57.5,-0.027,927.4624956818
51095,57.5,-0.028,762.8419484053
56007,57.5,-0.028,746.7129635581
56023,57.5,-0.028,755.0349321654
5077,58,-0.054,325.461943005
6103,58,-0.026,1235.2704871422
15007,58,-0.039,601.1822401896
18065,58,-0.027,1112.2862100643
18109,58,-0.027,1091.5954514128
21187,58,-0.041,527.0028424977
26005,58,-0.040,570.4517513631
29147,58,-0.031,677.1101709776
29195,58,-0.031,685.1509158139
37065,58,-0.045,382.3175992613
39095,58,-0.027,829.7604596842
39127,58,-0.027,826.9879672086
50021,58,-0.027,810.1026516673
51139,58,-0.028,776.7458484363
1087,58.5,-0.043,426.8282648521
13223,58.5,-0.042,458.3142710756
18083,58.5,-0.027,1115.1148258497
28051,58.5,-0.056,298.3988549618
28129,58.5,-0.056,300.7271934741
28161,58.5,-0.056,307.1559411906
29183,58.5,-0.031,690.7620633315
31031,58.5,-0.027,901.14124487
51735,58.5,-0.028,787.5988887967
53057,58.5,-0.028,759.6699440277
53063,58.5,-0.028,757.1704691972
54091,58.5,-0.039,597.977589877
54101,58.5,-0.039,589.8966304969
2130,59,-0.030,731.0631701802
4027,59,-0.038,642.3627365072
12033,59,-0.027,878.2941900882
12121,59,-0.027,875.3560329068
13117,59,-0.042,472.6071983355
18077,59,-0.027,1135.3442744324
21215,59,-0.041,551.9428858835
21239,59,-0.041,551.8322025356
28071,59,-0.056,325.1617187794
34029,59,-0.027,898.8744074018
37037,59,-0.045,410.5961538462
39009,59,-0.027,846.094587621
39043,59,-0.027,846.1870549305
40077,59,-0.028,738.791424211
40085,59,-0.028,742.98449848
48353,59,-0.027,981.9657774542
51137,59,-0.028,793.2535820263
51141,59,-0.028,796.7479080078
53061,59,-0.028,772.4541456904
54023,59,-0.039,603.7873108958
54041,59,-0.039,604.841561284
5083,59.5,-0.054,358.5593626232
8119,59.5,-0.021,1437.5933290571
28019,59.5,-0.056,340.704964
37119,59.5,-0.045,413.5396636591
38001,59.5,-0.027,1266.6931962696
47131,59.5,-0.041,534.5998890303
48485,59.5,-0.027,1002.3016286398
48503,59.5,-0.027,990.5082649152
54075,59.5,-0.039,616.7672824445
1009,60,-0.043,458.9543460545
6035,60,-0.026,1380.2764077205
6045,60,-0.026,1406.714782827
6101,60,-0.026,1419.08586712
12005,60,-0.027,901.315187051
12015,60,-0.027,911.0154983681
17165,60,-0.020,1710.2815708001
18093,60,-0.027,1182.4612814595
26081,60,-0.040,604.2897501292
26141,60,-0.040,602.0985904525
28069,60,-0.056,352.103821848
29121,60,-0.031,724.2528855559
35013,60,-0.051,394.2316526284
35047,60,-0.051,391.1889727178
39027,60,-0.027,882.4575232006
39059,60,-0.027,879.0189006062
40031,60,-0.028,765.7756241576
41017,60,-0.035,682.993358742
45001,60,-0.047,413.6408230387
48361,60,-0.027,1007.5326845478
49019,60,-0.037,660.2145859605
50011,60,-0.027,863.2168691981
56025,60,-0.028,802.8814524569
6009,60.5,-0.026,1476.3732488623
8061,60.5,-0.021,1611.9971890372
8071,60.5,-0.021,1560.0593256509
12031,60.5,-0.027,914.6748973177
16077,60.5,-0.039,650.0689069038
21067,60.5,-0.041,574.0697514691
21211,60.5,-0.041,577.5233607994
26015,60.5,-0.040,617.3955558553
26059,60.5,-0.040,612.6464813565
28073,60.5,-0.056,362.2865155564
28105,60.5,-0.056,357.8605220884
29017,60.5,-0.031,724.91471
31145,60.5,-0.027,969.8855850032
34033,60.5,-0.027,951.1064506077
37183,60.5,-0.045,439.2091997836
39073,60.5,-0.027,883.1404303113
40091,60.5,-0.028,770.1501750875
41071,60.5,-0.035,688.8819879407
45037,60.5,-0.047,423.51286113
45081,60.5,-0.047,423.9564154989
49051,60.5,-0.037,671.253729296
51005,60.5,-0.028,818.2798367035
51063,60.5,-0.028,828.2201776244
51067,60.5,-0.028,826.7145599318
51750,60.5,-0.028,818.2655863932
54099,60.5,-0.039,634.1978960728
4021,61,-0.038,678.427090097
6005,61,-0.026,1514.8381935623
8003,61,-0.021,1697.6684044617
12081,61,-0.027,931.474154372
12083,61,-0.027,940.6018400368
13011,61,-0.042,506.4528250879
13067,61,-0.042,514.1987606126
13211,61,-0.042,512.9906904577
24035,61,-0.036,690.0718141665
34001,61,-0.027,971.2302065138
41009,61,-0.035,701.355
47047,61,-0.041,557.800638325
49011,61,-0.037,683.6399865493
6089,61.5,-0.026,1596.996652426
6093,61.5,-0.026,1564.1901088304
6105,61.5,-0.026,1587.1041395669
17069,61.5,-0.020,2600.8130592503
18163,61.5,-0.027,1314.3895709738
21039,61.5,-0.041,596.7244050062
26023,61.5,-0.040,634.5496976915
28041,61.5,-0.056,382.643285017
28163,61.5,-0.056,378.0950085807
29133,61.5,-0.031,752.3766030208
35045,61.5,-0.051,427.1614071435
37063,61.5,-0.045,455.396953667
37141,61.5,-0.045,457.377236986
39119,61.5,-0.027,913.5897091204
40027,61.5,-0.028,792.0610949581
46067,61.5,-0.032,729.1518970004
6015,62,-0.026,1729.8871358333
12019,62,-0.027,968.2862816044
13199,62,-0.042,529.7179801793
18019,62,-0.027,1339.7174679946
29153,62,-0.031,761.9141247742
46005,62,-0.032,739.1326475071
46065,62,-0.032,743.3856451154
51740,62,-0.028,863.9115185913
51770,62,-0.028,870.2729411294
54031,62,-0.039,656.5847531042
54049,62,-0.039,659.3170663153
12007,62.5,-0.027,988.5762774807
12101,62.5,-0.027,999.7607112946
18041,62.5,-0.027,1391.4273278143
18043,62.5,-0.027,1382.5948058037
18153,62.5,-0.027,1409.3733753823
24047,62.5,-0.036,712.0588280947
28089,62.5,-0.056,408.5956796984
29047,62.5,-0.031,774.0669589241
29139,62.5,-0.031,769.8030419551
31069,62.5,-0.027,1047.5400808133
35009,62.5,-0.051,441.3372752887
37015,62.5,-0.045,474.6214169018
39071,62.5,-0.027,942.7737647004
39099,62.5,-0.027,947.3335748167
40029,62.5,-0.028,810.3462219076
41005,62.5,-0.035,734.2310200117
45079,62.5,-0.047,470.681659055
48049,62.5,-0.027,1113.0295545704
48181,62.5,-0.027,1123.374401237
49045,62.5,-0.037,707.6792476808
54043,62.5,-0.039,671.3465795004
2020,63,-0.030,808.856284839
6007,63,-0.026,1880.6284342823
6033,63,-0.026,1961.5264046075
6109,63,-0.026,1869.7265635182
12061,63,-0.027,1005.9800836945
12103,63,-0.027,1025.8348436084
13003,63,-0.042,551.5728149559
13171,63,-0.042,545.2531179606
21209,63,-0.041,622.5900038153
23007,63,-0.043,541.6171518122
28103,63,-0.056,414.7337679978
29051,63,-0.031,784.1940563087
34011,63,-0.027,1066.6608492564
39053,63,-0.027,982.7138875987
48221,63,-0.027,1132.6831099002
12045,63.5,-0.027,1037.3241761704
12123,63.5,-0.027,1042.6110345441
16039,63.5,-0.039,707.0214870923
18149,63.5,-0.027,1484.9411969684
24003,63.5,-0.036,740.2609948688
24021,63.5,-0.036,742.153610357
28049,63.5,-0.056,423.3525655541
28101,63.5,-0.056,423.6856118085
34005,63.5,-0.027,1071.5368015175
35025,63.5,-0.051,471.4252318067
37107,63.5,-0.045,498.6089904657
39077,63.5,-0.027,989.2035095521
39145,63.5,-0.027,994.9234233648
40065,63.5,-0.028,833.5980292485
45039,63.5,-0.047,489.0117817734
49029,63.5,-0.037,735.6045639404
51117,63.5,-0.028,899.2949390303
56013,63.5,-0.028,887.6298152053
12115,64,-0.027,1056.7068344392
13113,64,-0.042,570.215618621
13185,64,-0.042,566.323164843
13295,64,-0.042,562.9958569624
26057,64,-0.040,682.0988926336
29177,64,-0.031,800.8064007014
39013,64,-0.027,1002.7111663823
45015,64,-0.047,498.1849240086
53045,64,-0.028,888.327286433
1101,64.5,-0.043,547.3787894172
12009,64.5,-0.027,1082.8994944445
21137,64.5,-0.041,651.806892041
26071,64.5,-0.040,688.495858301
39155,64.5,-0.027,1031.5900486378
51161,64.5,-0.028,929.8594837357
51187,64.5,-0.028,937.3833124376
51670,64.5,-0.028,934.6603807311
53031,64.5,-0.028,899.2109236526
54019,64.5,-0.039,706.8002311265
54053,64.5,-0.039,710.5837186078
2170,65,-0.030,869.3128641377
4013,65,-0.038,768.2602417929
5105,65,-0.054,478.9578957699
5133,65,-0.054,479.601156738
12107,65,-0.027,1107.3463754634
12133,65,-0.027,1101.4437558229
13057,65,-0.042,580.307791437
13237,65,-0.042,585.8923336299
21161,65,-0.041,665.4965787473
28009,65,-0.056,462.139605231
28013,65,-0.056,459.9111231909
29207,65,-0.031,829.7191078963
39131,65,-0.027,1055.9571180494
39141,65,-0.027,1051.2886354801
40015,65,-0.028,876.7661111679
45091,65,-0.047,517.152427397
46129,65,-0.032,798.8658827852
51073,65,-0.028,954.0938534852
53071,65,-0.028,923.3946766548
54027,65,-0.039,723.3665910161
54077,65,-0.039,724.9018267531
1007,65.5,-0.043,562.9686932648
12017,65.5,-0.027,1121.69847864
13083,65.5,-0.042,595.852004427
13217,65.5,-0.042,592.1645918861
15001,65.5,-0.039,756.5463172257
16027,65.5,-0.039,756.3043407012
16049,65.5,-0.039,751.1932767945
18143,65.5,-0.027,1964.8913409704
21029,65.5,-0.041,675.0003303601
21043,65.5,-0.041,667.4059209073
21087,65.5,-0.041,671.2134423252
21093,65.5,-0.041,671.6858294422
23015,65.5,-0.043,583.5263328329
24037,65.5,-0.036,784.7413138503
28005,65.5,-0.056,465.595594083
28027,65.5,-0.056,470.6344435418
31101,65.5,-0.027,1182.9012774402
40153,65.5,-0.028,895.2442135535
45071,65.5,-0.047,533.3174786909
53065,65.5,-0.028,931.2289739901
54021,65.5,-0.039,725.6180441418
54103,65.5,-0.039,736.8161355589
1005,66,-0.043,577.6102533127
5123,66,-0.054,504.0115837376
5149,66,-0.054,496.7267535578
13039,66,-0.042,607.1593796783
13287,66,-0.042,607.451302654
13321,66,-0.042,601.6935117639
15009,66,-0.039,762.8085545776
16053,66,-0.039,762.3865170509
23013,66,-0.043,590.8751725003
29055,66,-0.031,841.7591127783
29099,66,-0.031,852.8161910371
29175,66,-0.031,841.8187539834
34015,66,-0.027,1198.0227186178
39167,66,-0.027,1102.0124361827
40071,66,-0.028,898.5091919058
45053,66,-0.047,540.4142466935
48429,66,-0.027,1345.9268008475
12075,66.5,-0.027,1175.7596907009
13275,66.5,-0.042,615.0912722189
16041,66.5,-0.039,771.8286675845
21089,66.5,-0.041,692.2999889098
28017,66.5,-0.056,491.1742843952
34007,66.5,-0.027,1230.7858522713
34009,66.5,-0.027,1220.5390226651
41013,66.5,-0.035,810.5454461396
45085,66.5,-0.047,551.799665054
47161,66.5,-0.041,663.5897880685
51089,66.5,-0.028,1007.9074805806
51131,66.5,-0.028,1016.3048128342
56003,66.5,-0.028,997.2874729662
5035,67,-0.054,522.9143230603
5079,67,-0.054,520.6432706223
13151,67,-0.042,619.910112566
13169,67,-0.042,626.7612830771
13219,67,-0.042,627.5116363131
13229,67,-0.042,620.3999371826
13285,67,-0.042,625.6921290656
16001,67,-0.039,784.6405365134
23027,67,-0.043,613.6833610011
26077,67,-0.040,742.1267256583
29129,67,-0.031,875.2282079047
51191,67,-0.028,1030.2283526589
53041,67,-0.028,1000.6597612082
56029,67,-0.028,1014.3541124949
12089,67.5,-0.027,1240.2523073785
13071,67.5,-0.042,629.9970770439
13225,67.5,-0.042,639.2768712575
16019,67.5,-0.039,796.537710398
21035,67.5,-0.041,704.6655712907
23005,67.5,-0.043,629.0418895292
24023,67.5,-0.036,817.0391038697
26033,67.5,-0.040,751.2155759472
26065,67.5,-0.040,750.3816278379
28021,67.5,-0.056,506.4561748634
28147,67.5,-0.056,505.2212392403
29105,67.5,-0.031,892.261438277
37191,67.5,-0.045,577.5692327522
40001,67.5,-0.028,962.6929649155
40009,67.5,-0.028,950.4729888926
40017,67.5,-0.028,946.9964761805
45055,67.5,-0.047,564.50752323
46047,67.5,-0.032,861.9197611766
47081,67.5,-0.041,682.9834174773
48277,67.5,-0.027,1517.051618123
48487,67.5,-0.027,1497.0882014278
53043,67.5,-0.028,1011.2242030811
56037,67.5,-0.028,1044.7887778425
1083,68,-0.043,609.1855165116
13033,68,-0.042,640.3280281381
13077,68,-0.042,646.0211374949
13247,68,-0.042,640.9425137301
13267,68,-0.042,646.2357207975
21073,68,-0.041,723.537866005
29067,68,-0.031,911.9555073656
35043,68,-0.051,554.0264860754
37187,68,-0.045,581.4714170367
39081,68,-0.027,1184.7962344277
40045,68,-0.028,966.624202316
41035,68,-0.035,841.557198255
49035,68,-0.037,816.6425061003
51105,68,-0.028,1077.3575297066
51683,68,-0.028,1070.7337419787
53013,68,-0.028,1036.3309457404
54089,68,-0.039,782.3651333182
56041,68,-0.028,1067.7690903852
12003,68.5,-0.027,1309.8148796499
12053,68.5,-0.027,1304.5217245109
13099,68.5,-0.042,653.8107801418
13283,68.5,-0.042,648.75055269
16017,68.5,-0.039,812.9781409016
21069,68.5,-0.041,735.1792033887
26087,68.5,-0.040,781.0448892761
26111,68.5,-0.040,770.7055194184
26145,68.5,-0.040,773.606667115
28107,68.5,-0.056,537.8130359704
29217,68.5,-0.031,929.0701046768
35035,68.5,-0.051,567.1000279668
37115,68.5,-0.045,588.8086002176
45013,68.5,-0.047,588.3314011437
47097,68.5,-0.041,692.8099198099
51197,68.5,-0.028,1094.3269343041
51660,68.5,-0.028,1104.0153793445
12023,69,-0.027,1359.5916193597
12093,69,-0.027,1339.7853505283
13187,69,-0.042,658.7263117677
13215,69,-0.042,656.7256991011
21159,69,-0.041,741.0735353864
21203,69,-0.041,738.5268563334
24017,69,-0.036,865.9953112389
28095,69,-0.056,539.4496887822
28151,69,-0.056,538.5673800125
31057,69,-0.027,1541.6627292941
35028,69,-0.051,576.2081529379
37117,69,-0.045,606.7800231194
40061,69,-0.028,1020.174386921
47069,69,-0.041,710.9507916132
47167,69,-0.041,709.7818005495
48075,69,-0.027,1823.3931997743
53015,69,-0.028,1070.945992964
13261,69.5,-0.042,672.7503167744
16055,69.5,-0.039,833.0024875953
21213,69.5,-0.041,756.0717538598
24005,69.5,-0.036,882.9024265817
29209,69.5,-0.031,959.8382832951
37101,69.5,-0.045,608.2191102014
40039,69.5,-0.028,1040.6088622916
40123,69.5,-0.028,1045.2409278944
46127,69.5,-0.032,913.4847407606
51051,69.5,-0.028,1155.5079060536
51167,69.5,-0.028,1132.8937650138
51173,69.5,-0.028,1135.0956466476
54071,69.5,-0.039,813.6814220501
5001,70,-0.054,576.2121195682
13051,70,-0.042,676.3855643374
13127,70,-0.042,676.2027782098
13193,70,-0.042,678.4006748826
21119,70,-0.041,757.369718983
21141,70,-0.041,761.8795986622
21149,70,-0.041,760.2465832632
26073,70,-0.040,801.1217856234
26107,70,-0.040,806.2493324355
26125,70,-0.040,805.3468152723
26157,70,-0.040,807.995685888
26163,70,-0.040,801.4537310973
32013,70,-0.036,905.7124390387
40097,70,-0.028,1054.6819282413
40111,70,-0.028,1051.9389593488
40147,70,-0.028,1062.8465427424
45023,70,-0.047,618.4089007345
49003,70,-0.037,872.6609209743
51680,70,-0.028,1177.4979201123
1109,70.5,-0.043,663.7882951038
1123,70.5,-0.043,657.3135344237
13031,70.5,-0.042,690.3008079724
13201,70.5,-0.042,687.8161513495
13313,70.5,-0.042,687.467797651
16009,70.5,-0.039,869.8707467963
21017,70.5,-0.041,774.1468979916
21127,70.5,-0.041,777.4617338838
24045,70.5,-0.036,899.7422682426
26091,70.5,-0.040,815.2791535207
28123,70.5,-0.056,572.4142225367
29031,70.5,-0.031,988.6492898233
29127,70.5,-0.031,1000.7576869806
37007,70.5,-0.045,629.9880041927
37069,70.5,-0.045,633.4351907079
37093,70.5,-0.045,636.645440565
40125,70.5,-0.028,1074.296653913
51011,70.5,-0.028,1198.8981445439
53005,70.5,-0.028,1146.8395504154
54035,70.5,-0.039,836.8617847248
13035,71,-0.042,702.2120544229
13075,71,-0.042,702.2720742817
21005,71,-0.041,781.4199008144
21111,71,-0.041,784.2617626761
21179,71,-0.041,785.4036254044
21217,71,-0.041,782.7197482297
24013,71,-0.036,913.7163822057
24025,71,-0.036,912.4559191338
26003,71,-0.040,823.6378556965
29029,71,-0.031,1025.6501118973
29037,71,-0.031,1015.4572601203
29043,71,-0.031,1013.8991102199
37179,71,-0.045,648.2404216538
41025,71,-0.035,940.0625694444
45089,71,-0.047,631.8935300446
49027,71,-0.037,908.998892843
53027,71,-0.028,1170.9251145918
54087,71,-0.039,846.5411153446
56017,71,-0.028,1193.3172326513
4017,71.5,-0.038,912.2438190936
5111,71.5,-0.054,601.1625207987
13205,71.5,-0.042,706.1003366705
13303,71.5,-0.042,702.4329362029
26063,71.5,-0.040,834.0101621554
32031,71.5,-0.036,949.3958912784
35007,71.5,-0.051,625.5587642984
37061,71.5,-0.045,653.8646021738
40117,71.5,-0.028,1124.7248722317
41021,71.5,-0.035,954.813138784
45057,71.5,-0.047,647.8146827893
54073,71.5,-0.039,864.9154287204
1035,72,-0.043,686.4370265152
13103,72,-0.042,717.3739361888
21097,72,-0.041,805.8513563929
21151,72,-0.041,807.8619056294
21227,72,-0.041,805.4966097142
24041,72,-0.036,948.4862444018
26103,72,-0.040,840.9043814625
26133,72,-0.040,846.8391881343
28011,72,-0.056,593.3293319729
29071,72,-0.031,1057.0623865034
29225,72,-0.031,1054.373449297
39079,72,-0.027,1582.4368634188
40119,72,-0.028,1138.1690538033
40141,72,-0.028,1146.0172987359
41059,72,-0.035,969.8183481204
45027,72,-0.047,649.8925240563
51730,72,-0.028,1336.8121439788
54069,72,-0.039,877.9788232016
54107,72,-0.039,878.9944940545
5019,72.5,-0.054,626.7033093271
5121,72.5,-0.054,619.7586581945
13139,72.5,-0.042,732.4034205699
13311,72.5,-0.042,728.2351071719
16005,72.5,-0.039,914.4427779901
21019,72.5,-0.041,815.9424728401
21083,72.5,-0.041,813.3977713049
23023,72.5,-0.043,716.6680702154
23029,72.5,-0.043,715.2624822134
26009,72.5,-0.040,872.1371685238
26119,72.5,-0.040,868.2563451777
28115,72.5,-0.056,601.9900996506
29065,72.5,-0.031,1071.5068299878
29077,72.5,-0.031,1081.2597961621
29155,72.5,-0.031,1084.2619837547
32003,72.5,-0.036,988.8643565045
37057,72.5,-0.045,674.7676981205
37123,72.5,-0.045,667.3693190068
37133,72.5,-0.045,670.3515305054
37151,72.5,-0.045,670.3144419779
40035,72.5,-0.028,1179.2260763936
40109,72.5,-0.028,1161.2863203856
45025,72.5,-0.047,657.2988678097
46053,72.5,-0.032,1042.9994049036
46135,72.5,-0.032,1029.6815258568
51021,72.5,-0.028,1375.7447035513
54001,72.5,-0.039,892.9864703065
54083,72.5,-0.039,894.443727254
5011,73,-0.054,633.2807373355
5039,73,-0.054,634.8991320358
13245,73,-0.042,743.1897043009
21113,73,-0.041,829.1371605627
21117,73,-0.041,818.9752987662
26013,73,-0.040,876.6503206997
26053,73,-0.040,875.9709027283
26115,73,-0.040,875.9760376551
26127,73,-0.040,878.3398582647
28045,73,-0.056,617.2993968117
40037,73,-0.028,1196.7134232353
40079,73,-0.028,1193.8877129322
40135,73,-0.028,1188.6324690788
47007,73,-0.041,798.1430147566
51071,73,-0.028,1400.8807756763
54007,73,-0.039,904.0822754076
54065,73,-0.039,905.5190595754
1041,73.5,-0.043,718.4642985032
13025,73.5,-0.042,748.8806285559
13161,73.5,-0.042,755.3443029491
21003,73.5,-0.041,832.8769379845
21007,73.5,-0.041,833.3958840721
21125,73.5,-0.041,831.8526308783
26019,73.5,-0.040,890.5032938076
26029,73.5,-0.040,893.2623675585
26041,73.5,-0.040,895.1969651153
26043,73.5,-0.040,895.1730262137
26045,73.5,-0.040,893.4858319317
28155,73.5,-0.056,621.308769
28159,73.5,-0.056,623.8515040673
29201,73.5,-0.031,1119.6123872026
32005,73.5,-0.036,1030.5114231817
37081,73.5,-0.045,686.285935085
40137,73.5,-0.028,1226.7670083668
41043,73.5,-0.035,1038.0360855102
45019,73.5,-0.047,682.8700463955
51155,73.5,-0.028,1437.0535943143
51590,73.5,-0.028,1444.9209638325
4012,74,-0.038,1002.973302898
13213,74,-0.042,766.5053456338
21001,74,-0.041,846.7770536606
21031,74,-0.041,848.4323697635
23003,74,-0.043,756.2630996095
29015,74,-0.031,1135.9931440814
49057,74,-0.037,1013.8940836052
51103,74,-0.028,1499.0310989512
53051,74,-0.028,1379.0044315403
56043,74,-0.028,1444.0075648415
4019,74.5,-0.038,1035.6314942699
5043,74.5,-0.054,656.8581318564
13049,74.5,-0.042,774.8486694948
13097,74.5,-0.042,774.2574094207
21015,74.5,-0.041,871.8477198697
21037,74.5,-0.041,862.9638737427
21167,74.5,-0.041,859.985145046
28087,74.5,-0.056,642.427600067
35005,74.5,-0.051,676.2744966851
40021,74.5,-0.028,1303.8043222491
40131,74.5,-0.028,1336.0388537697
45059,74.5,-0.047,697.5120303799
47037,74.5,-0.041,825.6752193658
47095,74.5,-0.041,822.7201689546
51790,74.5,-0.028,1592.8301114024
53009,74.5,-0.028,1429.6838037177
1023,75,-0.043,755.8636294609
5015,75,-0.054,667.0072191741
5093,75,-0.054,674.1308701815
5095,75,-0.054,675.092377348
13073,75,-0.042,787.8602726793
26075,75,-0.040,939.2657278644
26153,75,-0.040,932.1889147192
28079,75,-0.056,651.0209989896
28097,75,-0.056,649.2574862096
29213,75,-0.031,1193.4095838218
37189,75,-0.045,721.21566552
40143,75,-0.028,1338.8791349755
41063,75,-0.035,1094.3787193699
45075,75,-0.047,709.0170836696
47087,75,-0.041,835.4659831436
49017,75,-0.037,1065.7758035536
51580,75,-0.028,1657.4133969601
53023,75,-0.028,1529.275575
2122,75.5,-0.030,1343.7030606797
13013,75.5,-0.042,792.7945867056
13059,75.5,-0.042,793.6243785913
13153,75.5,-0.042,796.4473949065
21183,75.5,-0.041,887.5289065081
21199,75.5,-0.041,892.7548211094
23009,75.5,-0.043,781.3168188222
26097,75.5,-0.040,951.3267217631
26155,75.5,-0.040,961.1922062403
29021,75.5,-0.031,1243.5612121212
37001,75.5,-0.045,733.9878692916
40057,75.5,-0.028,1407.5590028694
40101,75.5,-0.028,1378.1666881878
46055,75.5,-0.032,1178.562869425
46095,75.5,-0.032,1167.059756
49021,75.5,-0.037,1078.183923255
51520,75.5,-0.028,1756.9307508313
51678,75.5,-0.028,1789.859955935
51840,75.5,-0.028,1805.1427943117
53003,75.5,-0.028,1605.2214431124
1111,76,-0.043,769.5010574551
13095,76,-0.042,801.7105067227
13235,76,-0.042,800.9025096525
21049,76,-0.041,905.8268870431
21123,76,-0.041,904.990730988
24009,76,-0.036,1118.5180639108
24015,76,-0.036,1112.7863100936
26049,76,-0.040,971.6195682599
26149,76,-0.040,970.9500803042
28111,76,-0.056,673.3357905026
28149,76,-0.056,670.1639254501
29167,76,-0.031,1254.5231675686
35001,76,-0.051,704.4536941117
37067,76,-0.045,744.1425834442
37113,76,-0.045,741.6103622701
41019,76,-0.035,1133.8599804987
47023,76,-0.041,869.9218705283
49039,76,-0.037,1104.4521509486
51169,76,-0.028,1987.7763716894
51630,76,-0.028,2106.4627640657
51820,76,-0.028,1955.1082778838
54009,76,-0.039,1013.6013704497
54057,76,-0.039,1014.6085024225
13107,76.5,-0.042,812.1985203453
13147,76.5,-0.042,813.8074723898
21045,76.5,-0.041,928.3577302632
23017,76.5,-0.043,799.5090381455
28083,76.5,-0.056,681.6004387238
29009,76.5,-0.031,1324.6365793073
29097,76.5,-0.031,1301.7480522109
29181,76.5,-0.031,1315.6170120272
32019,76.5,-0.036,1174.0558714462
37011,76.5,-0.045,745.2840748488
41039,76.5,-0.035,1168.649488144
41065,76.5,-0.035,1171.8254122211
45009,76.5,-0.047,736.9301747312
47113,76.5,-0.041,873.0375986067
49053,76.5,-0.037,1121.9369416846
51185,76.5,-0.028,2210.6109699527
51195,76.5,-0.028,2211.4346140289
51570,76.5,-0.028,2182.3822671156
51595,76.5,-0.028,2632.4605167394
51620,76.5,-0.028,2162.9210836278
51640,76.5,-0.028,3119.4402661267
51690,76.5,-0.028,4086.9071454745
51720,76.5,-0.028,3373.5026656512
51775,76.5,-0.028,2323.6588549858
4003,77,-0.038,1130.2245248246
13009,77,-0.042,818.8415935238
16029,77,-0.039,1105.5602658789
26021,77,-0.040,1004.7753951214
28081,77,-0.056,685.3894958968
29081,77,-0.031,1356.8917005223
29161,77,-0.031,1366.1709157476
32001,77,-0.036,1183.1068595041
32017,77,-0.036,1198.9245432883
41037,77,-0.035,1185.6369906757
45011,77,-0.047,752.0694131185
45063,77,-0.047,746.1115199427
47033,77,-0.041,887.3114855147
1075,77.5,-0.043,800.8174420279
13027,77.5,-0.042,837.627347043
16031,77.5,-0.039,1122.4735812133
16071,77.5,-0.039,1123.492642
16079,77.5,-0.039,1118.1196106821
16087,77.5,-0.039,1125.0153245192
21009,77.5,-0.041,961.735781501
26099,77.5,-0.040,1027.6871560057
28121,77.5,-0.056,694.9835143821
29093,77.5,-0.031,1401.82716049
29117,77.5,-0.031,1403.7978440245
29123,77.5,-0.031,1397.6645712444
37147,77.5,-0.045,771.874387234
40013,77.5,-0.028,1621.8937706087
47125,77.5,-0.041,896.752536451
49023,77.5,-0.037,1178.7469322258
54037,77.5,-0.039,1072.2103324953
54079,77.5,-0.039,1079.0096397411
1107,78,-0.043,814.2676380368
4025,78,-0.038,1185.7162268565
5053,78,-0.054,735.8942105845
16083,78,-0.039,1143.3849590288
16085,78,-0.039,1135.1092744729
21059,78,-0.041,965.7358627429
21155,78,-0.041,978.1632842758
28117,78,-0.056,706.8706547783
28145,78,-0.056,711.7238735094
29001,78,-0.031,1480.0847978564
29023,78,-0.031,1452.055877628
29069,78,-0.031,1457.0418514323
29229,78,-0.031,1479.1395883512
32033,78,-0.036,1292.0026500866
37041,78,-0.045,784.3709879116
40019,78,-0.028,1791.3366879583
40087,78,-0.028,1810.4256817107
40099,78,-0.028,1779.5901262916
49001,78,-0.037,1205.4483002833
54055,78,-0.039,1105.1066640507
13191,78.5,-0.042,867.5029708641
16045,78.5,-0.039,1168.5312129124
21095,78.5,-0.041,995.7291268094
21157,78.5,-0.041,990.3782515032
24043,78.5,-0.036,1274.8001203329
28025,78.5,-0.056,722.7627693536
28033,78.5,-0.056,715.1778817583
37111,78.5,-0.045,798.6145057681
40121,78.5,-0.028,1859.5640439363
47165,78.5,-0.041,934.9197961236
1099,79,-0.043,831.1878374014
5117,79,-0.054,753.9433120251
13293,79,-0.042,880.2001668689
23019,79,-0.043,862.7106069735
26117,79,-0.040,1096.1448883946
26147,79,-0.040,1104.9683565285
28127,79,-0.056,731.264565425
29079,79,-0.031,1560.0432801822
35053,79,-0.051,771.0393486324
37021,79,-0.045,806.0506995079
41029,79,-0.035,1340.1071662111
47149,79,-0.041,956.4072709737
1047,79.5,-0.043,844.5069655491
13015,79.5,-0.042,887.1875967182
13087,79.5,-0.042,893.0008831972
16021,79.5,-0.039,1217.9324085527
21147,79.5,-0.041,1034.1095200805
21233,79.5,-0.041,1037.7276385725
23031,79.5,-0.043,879.3401766674
26025,79.5,-0.040,1125.7580892535
29083,79.5,-0.031,1660.632285964
37077,79.5,-0.045,815.8140914204
37195,79.5,-0.045,815.7018870695
41007,79.5,-0.035,1407.3831513838
46123,79.5,-0.032,1508.5835480309
47091,79.5,-0.041,969.6264722378
47115,79.5,-0.041,967.3564081862
47189,79.5,-0.041,985.765124776
54033,79.5,-0.039,1164.401315598
54039,79.5,-0.039,1158.7235307861
1113,80,-0.043,868.9774052967
5089,80,-0.054,775.4265678097
5129,80,-0.054,780.6108781294
13129,80,-0.042,897.109202107
13157,80,-0.042,901.1710858586
13319,80,-0.042,898.709830694
21055,80,-0.041,1054.1392791027
21085,80,-0.041,1047.8913847679
24001,80,-0.036,1400.9327156409
26017,80,-0.040,1135.3553601681
37051,80,-0.045,828.0018033708
37085,80,-0.045,828.880037459
37163,80,-0.045,816.8475927437
37197,80,-0.045,822.2984701344
41011,80,-0.035,1479.8904960314
41033,80,-0.035,1421.0323204909
45003,80,-0.047,814.2736915739
45049,80,-0.047,815.2250985087
47003,80,-0.041,997.383633936
47135,80,-0.041,989.8855467272
49041,80,-0.037,1348.2214067861
54003,80,-0.039,1194.0802673792
54047,80,-0.039,1194.7554323166
1089,80.5,-0.043,882.8880197344
1125,80.5,-0.043,874.4427187512
5017,80.5,-0.054,784.697288474
5027,80.5,-0.054,785.5603383926
5059,80.5,-0.054,784.4421109316
13137,80.5,-0.042,919.8035275934
21207,80.5,-0.041,1071.2353074397
28125,80.5,-0.056,759.4684296619
29091,80.5,-0.031,2157.8323404043
29187,80.5,-0.031,2047.9591100421
37087,80.5,-0.045,833.1335604998
37137,80.5,-0.045,838.9711290196
37161,80.5,-0.045,832.148817593
41041,80.5,-0.035,1539.3409583741
41057,80.5,-0.035,1549.0231941683
47151,80.5,-0.041,1020.1984510251
1091,81,-0.043,893.1634711404
5057,81,-0.054,793.232566564
13045,81,-0.042,929.5203806364
13297,81,-0.042,938.9093541782
16059,81,-0.039,1342.0606334842
16069,81,-0.039,1367.1303435877
21021,81,-0.041,1107.7029085176
21033,81,-0.041,1099.9835975081
21171,81,-0.041,1102.1945251711
28029,81,-0.056,776.4883745178
28037,81,-0.056,776.4701666021
32021,81,-0.036,1576.304823582
37169,81,-0.045,845.8359905935
41001,81,-0.035,1611.7133395814
41045,81,-0.035,1596.4870309414
41061,81,-0.035,1564.6062815045
45045,81,-0.047,831.6785446354
47021,81,-0.041,1044.9844744722
54011,81,-0.039,1251.1560034695
54025,81,-0.039,1261.7331906746
1071,81.5,-0.043,902.05772716
5045,81.5,-0.054,807.1751349217
5065,81.5,-0.054,799.1958348829
13029,81.5,-0.042,955.6042917722
16023,81.5,-0.039,1405.1398440624
21225,81.5,-0.041,1118.6725581395
21231,81.5,-0.041,1115.7777560594
23001,81.5,-0.043,934.5015806701
24029,81.5,-0.036,1565.8225097286
26039,81.5,-0.040,1218.5554669951
32510,81.5,-0.036,1628.6140019442
47009,81.5,-0.041,1051.335779903
47053,81.5,-0.041,1057.0310330169
49015,81.5,-0.037,1522.8700096432
1031,82,-0.043,911.9840659233
4009,82,-0.038,1580.6538522806
5037,82,-0.054,811.7421314511
5069,82,-0.054,813.5431006777
13055,82,-0.042,967.7005055774
13091,82,-0.042,967.789866871
13163,82,-0.042,975.3306221284
16007,82,-0.039,1439.3775751435
21065,82,-0.041,1141.9645217391
21205,82,-0.041,1158.3856521011
26123,82,-0.040,1281.72019688
26159,82,-0.040,1251.958815616
28007,82,-0.056,796.0709447041
28139,82,-0.056,796.442637025
32023,82,-0.036,1811.4203922123
35039,82,-0.051,835.2927910807
37149,82,-0.045,878.5194932731
41015,82,-0.035,1799.9829204288
47073,82,-0.041,1084.2522356608
47103,82,-0.041,1071.0788015292
1013,82.5,-0.043,941.9127716582
5013,82.5,-0.054,817.3564735131
13253,82.5,-0.042,987.9144211865
21075,82.5,-0.041,1172.9005290157
21081,82.5,-0.041,1180.8133457204
26007,82.5,-0.040,1306.6923584349
26011,82.5,-0.040,1320.2900203132
26051,82.5,-0.040,1331.8155301224
26105,82.5,-0.040,1301.4179203002
35027,82.5,-0.051,840.0866632338
37173,82.5,-0.045,888.1240127477
54059,82.5,-0.039,1401.4398228689
54081,82.5,-0.039,1395.8472455167
1115,83,-0.043,963.2116131107
1117,83,-0.043,955.0974208602
4007,83,-0.038,1812.1921029365
4015,83,-0.038,1789.5104841821
16061,83,-0.039,1588.8469253101
21153,83,-0.041,1197.2855246721
26121,83,-0.040,1351.8158226749
37139,83,-0.045,905.1500163198
45007,83,-0.047,896.0628685308
45035,83,-0.047,887.6197221894
47015,83,-0.041,1127.4437861272
47019,83,-0.041,1125.9507134511
47093,83,-0.041,1126.0784004396
47179,83,-0.041,1129.3547212237
54029,83,-0.039,1440.0085862821
54051,83,-0.039,1420.8672212146
5021,83.5,-0.054,839.8800714806
5107,83.5,-0.054,844.2865269308
21107,83.5,-0.041,1234.1062697417
21133,83.5,-0.041,1228.0580374519
21143,83.5,-0.041,1222.4847098483
23021,83.5,-0.043,1026.6055165082
26101,83.5,-0.040,1391.3745145333
47011,83.5,-0.041,1154.2245919436
47117,83.5,-0.041,1154.5460192698
54067,83.5,-0.039,1502.7540829882
1051,84,-0.043,989.4246575342
1069,84,-0.043,987.8330853484
5087,84,-0.054,860.7924145367
13043,84,-0.042,1059.0896564395
13065,84,-0.042,1067.8971420281
13085,84,-0.042,1056.3746568291
13281,84,-0.042,1067.4143265963
21129,84,-0.041,1264.7308945498
26047,84,-0.040,1483.8076053195
47133,84,-0.041,1178.4971756519
49007,84,-0.037,2817.002588017
49025,84,-0.037,2494.5979526013
54045,84,-0.039,1592.8599994237
1079,84.5,-0.043,1020.8800845538
5007,84.5,-0.054,879.3383318914
5125,84.5,-0.054,875.1050570407
13255,84.5,-0.042,1072.9854647078
26135,84.5,-0.040,1557.0478729851
28157,84.5,-0.056,849.5429730322
45021,84.5,-0.047,930.9766167206
47183,84.5,-0.041,1194.27196702
1073,85,-0.043,1039.1118877836
5119,85,-0.054,887.2402257401
5139,85,-0.054,889.0796133918
13047,85,-0.042,1103.4825738077
13227,85,-0.042,1090.586690422
21101,85,-0.041,1357.5541620876
21177,85,-0.041,1339.3815861206
23025,85,-0.043,1079.7716432219
26035,85,-0.040,1561.1366477924
26055,85,-0.040,1590.9757737134
28031,85,-0.056,860.4036227805
35037,85,-0.051,922.0163217031
35055,85,-0.051,919.2274592032
35061,85,-0.051,917.441145015
37009,85,-0.045,971.4527757217
37025,85,-0.045,975.7101066263
37089,85,-0.045,980.0699125649
37127,85,-0.045,972.778841342
47065,85,-0.041,1231.9800281278
54005,85,-0.039,1779.2163272292
13243,85.5,-0.042,1114.4584318087
21145,85.5,-0.041,1404.0052908425
35049,85.5,-0.051,929.9033937291
47051,85.5,-0.041,1273.9595165143
47059,85.5,-0.041,1258.9529308836
47071,85.5,-0.041,1279.9730548222
47111,85.5,-0.041,1257.5324675325
1001,86,-0.043,1084.04
1049,86,-0.043,1069.6284549417
5091,86,-0.054,923.4939418785
5097,86,-0.054,925.5501114827
21197,86,-0.041,1469.1917841715
26079,86,-0.040,1754.6706836616
26095,86,-0.040,1841.2176149649
26129,86,-0.040,1846.702392893
26137,86,-0.040,1768.2846658145
28153,86,-0.056,886.9519595449
45047,86,-0.047,994.9060396919
47077,86,-0.041,1301.5485989648
47085,86,-0.041,1321.470416322
47171,86,-0.041,1316.031019037
54109,86,-0.039,2660.148074579
1021,86.5,-0.043,1099.1259586282
1025,86.5,-0.043,1108.1648632219
5023,86.5,-0.054,939.887540739
5067,86.5,-0.054,937.2376860076
5143,86.5,-0.054,931.0248406711
13021,86.5,-0.042,1161.3250499281
13109,86.5,-0.042,1159.6550477427
13133,86.5,-0.042,1177.0356672651
21025,86.5,-0.041,1537.4298427766
21115,86.5,-0.041,1506.0594606257
21173,86.5,-0.041,1513.8927847001
26031,86.5,-0.040,1883.0238722618
26069,86.5,-0.040,1975.4875517854
26165,86.5,-0.040,1857.6693027907
28057,86.5,-0.056,906.7835994748
28065,86.5,-0.056,902.5638234033
37095,86.5,-0.045,1047.488147
37099,86.5,-0.045,1044.8344117291
37159,86.5,-0.045,1036.6564229348
37167,86.5,-0.045,1037.2878084132
47055,86.5,-0.041,1347.5521315553
47101,86.5,-0.041,1347.4558798718
47105,86.5,-0.041,1374.9612360649
5003,87,-0.054,959.2791054804
5141,87,-0.054,956.8663168565
5145,87,-0.054,942.898346408
13291,87,-0.042,1185.2452508196
21057,87,-0.041,1567.4941559402
26143,87,-0.040,2215.402962591
28077,87,-0.056,918.9219616543
35015,87,-0.051,995.9336552155
37005,87,-0.045,1047.722524684
37083,87,-0.045,1061.1660820497
37105,87,-0.045,1058.6156218572
47119,87,-0.041,1377.9816538852
1003,87.5,-0.043,1148.5181705276
1077,87.5,-0.043,1156.6411508057
1097,87.5,-0.043,1153.2708482288
5031,87.5,-0.054,971.6757958487
13023,87.5,-0.042,1229.6977864902
13115,87.5,-0.042,1223.4847881953
13175,87.5,-0.042,1221.1740797385
13195,87.5,-0.042,1216.6506100348
13277,87.5,-0.042,1215.7028750859
21013,87.5,-0.041,1638.7261221056
21041,87.5,-0.041,1690.5606131414
21051,87.5,-0.041,1709.5971065531
21053,87.5,-0.041,1703.13642618
21237,87.5,-0.041,1617.4738944758
37097,87.5,-0.045,1088.7237705015
37175,87.5,-0.045,1088.1262232393
45069,87.5,-0.047,1063.3192696588
47005,87.5,-0.041,1443.7333994668
47043,87.5,-0.041,1451.1479791015
47089,87.5,-0.041,1458.9247182569
47147,87.5,-0.041,1484.4804433426
47155,87.5,-0.041,1432.4741000146
47181,87.5,-0.041,1430.5160019107
5085,88,-0.054,994.3552795031
13001,88,-0.042,1273.1020916874
13005,88,-0.042,1288.9874325162
13105,88,-0.042,1269.0190043379
21071,88,-0.041,1835.4143447399
21195,88,-0.041,1768.052433972
37031,88,-0.045,1111.2038211937
37109,88,-0.045,1100.7440241871
45083,88,-0.047,1088.8864790684
47017,88,-0.041,1520.8978860623
47045,88,-0.041,1527.7722006703
47129,88,-0.041,1521.143548237
47143,88,-0.041,1494.7879235073
47177,88,-0.041,1517.7571905527
1121,88.5,-0.043,1189.458286958
5055,88.5,-0.054,1023.5230337587
13119,88.5,-0.042,1295.4108735601
13279,88.5,-0.042,1327.7492015712
21131,88.5,-0.041,2059.827280366
21189,88.5,-0.041,2039.3860121049
21193,88.5,-0.041,2154.5204425902
28001,88.5,-0.056,974.7273948935
37071,88.5,-0.045,1114.7815331565
47057,88.5,-0.041,1581.5227173247
47185,88.5,-0.041,1581.2243882207
1027,89,-0.043,1223.5030616009
13069,89,-0.042,1338.4439083233
21235,89,-0.041,2340.4910182956
28059,89,-0.056,1000.6814636733
37045,89,-0.045,1145.9507220347
45043,89,-0.047,1113.6072302522
45077,89,-0.047,1115.0546219523
47035,89,-0.041,1729.025880575
47039,89,-0.041,1701.4955403087
47067,89,-0.041,1699.7061777237
47099,89,-0.041,1664.0601447232
47107,89,-0.041,1613.531716028
47123,89,-0.041,1622.5728955015
47141,89,-0.041,1726.6213297922
47173,89,-0.041,1619.7985250275
1103,89.5,-0.043,1283.0835779701
5061,89.5,-0.054,1057.6031578947
13189,89.5,-0.042,1392.5647168059
13233,89.5,-0.042,1418.4975435892
13317,89.5,-0.042,1398.3941420898
28043,89.5,-0.056,1026.9829455927
35051,89.5,-0.051,1090.2530579684
37019,89.5,-0.045,1175.0644238993
45029,89.5,-0.047,1149.2640004241
47031,89.5,-0.041,1745.4269027397
47109,89.5,-0.041,1763.1768587432
1017,90,-0.043,1309.3223925212
1053,90,-0.043,1299.5860170949
13305,90,-0.042,1466.3051398388
28137,90,-0.056,1040.5269296014
37177,90,-0.045,1207.3890663391
47001,90,-0.041,2102.8497801951
47041,90,-0.041,2035.2111354395
47061,90,-0.041,2040.5758500112
47063,90,-0.041,1976.7604807419
47083,90,-0.041,1874.3492453062
47145,90,-0.041,1867.5070612098
47153,90,-0.041,1918.8928499089
47159,90,-0.041,2102.4833376522
47163,90,-0.041,1860.4573987027
5005,90.5,-0.054,1096.9494068643
5115,90.5,-0.054,1105.7233002051
37091,90.5,-0.045,1224.4491399272
37129,90.5,-0.045,1239.0350974324
37155,90.5,-0.045,1232.1565459735
37157,90.5,-0.045,1228.7069901262
37199,90.5,-0.045,1236.2682663331
45087,90.5,-0.047,1184.4922057818
47013,90.5,-0.041,3304.3042865768
47025,90.5,-0.041,2807.6485540383
47027,90.5,-0.041,2797.6981083516
47029,90.5,-0.041,2348.9737785109
47049,90.5,-0.041,2258.4662610928
47079,90.5,-0.041,2492.0260055371
47137,90.5,-0.041,2742.4061406918
47169,90.5,-0.041,2428.1845312111
1057,91,-0.043,1387.4097499851
1133,91,-0.043,1392.058801357
5041,91,-0.054,1115.7270371918
5071,91,-0.054,1113.9184422937
13017,91,-0.042,1589.4157329196
13081,91,-0.042,1575.7594510729
28085,91,-0.056,1071.3872261826
37035,91,-0.045,1275.1545764111
37145,91,-0.045,1260.1523217606
37153,91,-0.045,1278.3922354029
5081,91.5,-0.054,1143.7020525978
13111,91.5,-0.042,1721.6654733983
13241,91.5,-0.042,1699.4334500338
13257,91.5,-0.042,1702.0609708434
13299,91.5,-0.042,1697.2773536896
35029,91.5,-0.051,1185.9580716209
37193,91.5,-0.045,1317.2873200782
45033,91.5,-0.047,1271.7813920727
5113,92,-0.054,1177.4195686585
5135,92,-0.054,1168.0076868496
13123,92,-0.042,1812.5616326531
23011,92,-0.043,1691.7595599267
37059,92,-0.045,1375.3997078054
37181,92,-0.045,1350.267635972
45041,92,-0.047,1336.5142116631
45051,92,-0.047,1313.885335981
45067,92,-0.047,1301.7057359751
1043,92.5,-0.043,1604.1655021035
37039,92.5,-0.045,1388.1618956509
37125,92.5,-0.045,1413.3694251314
45073,92.5,-0.047,1350.3510361497
13143,93,-0.042,2250.106328412
28113,93,-0.056,1173.2440684753
37017,93,-0.045,1425.43703013
37027,93,-0.045,1459.7233998056
1015,93.5,-0.043,1755.591212593
1033,93.5,-0.043,1857.3702763366
1039,93.5,-0.043,1808.7373067266
1095,93.5,-0.043,1837.1511638955
5049,93.5,-0.054,1259.8949524746
5063,93.5,-0.054,1288.229839145
5103,93.5,-0.054,1251.7021922982
37013,93.5,-0.045,1523.1688736858
37049,93.5,-0.045,1496.2274313443
1019,94,-0.043,1893.592946363
1055,94,-0.043,2051.6436535121
1059,94,-0.043,1934.1595153963
1093,94,-0.043,2111.8780164413
5029,94,-0.054,1335.8341500547
28099,94,-0.056,1228.291076944
28109,94,-0.056,1214.9117790944
37043,94,-0.045,1577.5573203775
37055,94,-0.045,1602.2404172392
37075,94,-0.045,1591.3647864438
37121,94,-0.045,1583.1879837334
45031,94,-0.047,1509.0932670101
1127,94.5,-0.043,2813.2770545533
5137,94.5,-0.054,1360.9640333976
28047,94.5,-0.056,1271.2113996326
28075,94.5,-0.056,1290.2120116143
37023,94.5,-0.045,1709.8152675536
28141,95,-0.056,1294.6417757774
35017,95,-0.051,1516.9896186515
5127,95.5,-0.054,1463.75582612
28003,95.5,-0.056,1375.3213865411
28039,95.5,-0.056,1344.7242544817
28067,95.5,-0.056,1368.520941142
5051,96,-0.054,1519.767352357
37047,96,-0.045,2576.6730870992
37165,96,-0.045,2467.4643611479
37171,96,-0.045,2431.6104642371
28035,96.5,-0.056,1471.2516591172
5033,97,-0.054,1657.5218708977
28023,97,-0.056,1504.4340872173
5009,97.5,-0.054,1795.4333458707
5131,97.5,-0.054,1805.1450931288
28091,98,-0.056,1716.4617611391
28131,98.5,-0.056,1730.3356945213
2013,NA,-0.030,NA
2016,NA,-0.030,NA
2050,NA,-0.030,NA
2060,NA,-0.030,NA
2068,NA,-0.030,NA
2070,NA,-0.030,NA
2100,NA,-0.030,NA
2105,NA,-0.030,NA
2164,NA,-0.030,NA
2180,NA,-0.030,NA
2185,NA,-0.030,NA
2188,NA,-0.030,NA
2230,NA,-0.030,NA
2240,NA,-0.030,NA
2270,NA,-0.030,NA
2282,NA,-0.030,NA
2290,NA,-0.030,NA
5099,NA,-0.054,NA
6003,NA,-0.026,NA
8023,NA,-0.021,NA
8027,NA,-0.021,NA
8033,NA,-0.021,NA
8047,NA,-0.021,NA
8053,NA,-0.021,NA
8057,NA,-0.021,NA
8079,NA,-0.021,NA
8109,NA,-0.021,NA
8111,NA,-0.021,NA
8121,NA,-0.021,NA
13007,NA,-0.042,NA
13053,NA,-0.042,NA
13101,NA,-0.042,NA
13125,NA,-0.042,NA
13239,NA,-0.042,NA
13263,NA,-0.042,NA
13265,NA,-0.042,NA
15005,NA,-0.039,NA
16003,NA,-0.039,NA
16015,NA,-0.039,NA
16025,NA,-0.039,NA
16033,NA,-0.039,NA
16063,NA,-0.039,NA
17059,NA,-0.020,NA
17175,NA,-0.020,NA
18171,NA,-0.027,NA
19107,NA,-0.006,NA
20017,NA,-0.017,NA
20043,NA,-0.017,NA
20095,NA,-0.017,NA
20185,NA,-0.017,NA
20197,NA,-0.017,NA
20203,NA,-0.017,NA
21201,NA,-0.041,NA
22023,NA,-0.017,NA
26083,NA,-0.040,NA
28055,NA,-0.056,NA
29063,NA,-0.031,NA
29087,NA,-0.031,NA
29173,NA,-0.031,NA
29197,NA,-0.031,NA
30011,NA,-0.014,NA
30033,NA,-0.014,NA
30037,NA,-0.014,NA
30039,NA,-0.014,NA
30045,NA,-0.014,NA
30055,NA,-0.014,NA
30065,NA,-0.014,NA
30069,NA,-0.014,NA
30079,NA,-0.014,NA
30091,NA,-0.014,NA
30103,NA,-0.014,NA
30109,NA,-0.014,NA
31005,NA,-0.027,NA
31007,NA,-0.027,NA
31009,NA,-0.027,NA
31063,NA,-0.027,NA
31073,NA,-0.027,NA
31075,NA,-0.027,NA
31085,NA,-0.027,NA
31087,NA,-0.027,NA
31091,NA,-0.027,NA
31103,NA,-0.027,NA
31105,NA,-0.027,NA
31113,NA,-0.027,NA
31115,NA,-0.027,NA
31117,NA,-0.027,NA
31149,NA,-0.027,NA
31165,NA,-0.027,NA
31167,NA,-0.027,NA
31171,NA,-0.027,NA
31183,NA,-0.027,NA
32009,NA,-0.036,NA
32011,NA,-0.036,NA
32029,NA,-0.036,NA
35003,NA,-0.051,NA
35021,NA,-0.051,NA
35023,NA,-0.051,NA
35033,NA,-0.051,NA
36041,NA,-0.014,NA
37029,NA,-0.045,NA
38007,NA,-0.027,NA
38013,NA,-0.027,NA
38033,NA,-0.027,NA
38065,NA,-0.027,NA
38083,NA,-0.027,NA
38085,NA,-0.027,NA
38087,NA,-0.027,NA
38091,NA,-0.027,NA
40007,NA,-0.028,NA
41055,NA,-0.035,NA
41069,NA,-0.035,NA
46003,NA,-0.032,NA
46017,NA,-0.032,NA
46021,NA,-0.032,NA
46031,NA,-0.032,NA
46041,NA,-0.032,NA
46057,NA,-0.032,NA
46061,NA,-0.032,NA
46063,NA,-0.032,NA
46069,NA,-0.032,NA
46071,NA,-0.032,NA
46075,NA,-0.032,NA
46111,NA,-0.032,NA
46113,NA,-0.032,NA
46119,NA,-0.032,NA
46121,NA,-0.032,NA
46137,NA,-0.032,NA
48009,NA,-0.027,NA
48011,NA,-0.027,NA
48033,NA,-0.027,NA
48045,NA,-0.027,NA
48077,NA,-0.027,NA
48079,NA,-0.027,NA
48081,NA,-0.027,NA
48087,NA,-0.027,NA
48095,NA,-0.027,NA
48101,NA,-0.027,NA
48109,NA,-0.027,NA
48137,NA,-0.027,NA
48173,NA,-0.027,NA
48205,NA,-0.027,NA
48229,NA,-0.027,NA
48235,NA,-0.027,NA
48243,NA,-0.027,NA
48261,NA,-0.027,NA
48263,NA,-0.027,NA
48269,NA,-0.027,NA
48275,NA,-0.027,NA
48295,NA,-0.027,NA
48301,NA,-0.027,NA
48311,NA,-0.027,NA
48327,NA,-0.027,NA
48333,NA,-0.027,NA
48345,NA,-0.027,NA
48359,NA,-0.027,NA
48377,NA,-0.027,NA
48385,NA,-0.027,NA
48393,NA,-0.027,NA
48413,NA,-0.027,NA
48417,NA,-0.027,NA
48431,NA,-0.027,NA
48443,NA,-0.027,NA
48447,NA,-0.027,NA
49009,NA,-0.037,NA
49031,NA,-0.037,NA
49055,NA,-0.037,NA
51036,NA,-0.028,NA
51081,NA,-0.028,NA
51091,NA,-0.028,NA
51097,NA,-0.028,NA
51113,NA,-0.028,NA
51149,NA,-0.028,NA
51157,NA,-0.028,NA
51163,NA,-0.028,NA
51181,NA,-0.028,NA
51515,NA,-0.028,NA
51685,NA,-0.028,NA
51830,NA,-0.028,NA
55037,NA,-0.013,NA
55078,NA,-0.013,NA
